period,commodity,commodity_code,partner,value_usd_bn,qty_mt,value_per_mt_usd
202001,coal,2701,Australia,1.5854,14.505,109.3
202001,coal,2701,Indonesia,0.5011,8.3403,60.08
202001,coal,2701,Russian Federation,0.2345,2.9239,80.2
202001,coal,2701,Mongolia,0.1867,2.4262,76.94
202001,coal,2701,Canada,0.0915,0.6698,136.61
202001,coal,2701,Kazakhstan,0.0093,0.0891,104.71
202001,coal,2701,United Arab Emirates,0.0033,0.0168,194.7
202001,coal,2701,Brazil,0.0,0.0,15300.0
202001,coal,2701,Kenya,0.0,0.0,3000.0
202001,coal,2701,Lao People's Dem. Rep.,0.0,0.0006,42.68
202001,coal,2701,United Kingdom,0.0,0.0,784.85
202001,coal,2701,USA,0.0,0.0,769.43
202001,crude_oil,2709,Russian Federation,3.8222,7.4638,512.11
202001,crude_oil,2709,Saudi Arabia,3.7239,7.3111,509.35
202001,crude_oil,2709,Iraq,2.9774,6.2286,478.01
202001,crude_oil,2709,Brazil,2.056,4.2251,486.62
202001,crude_oil,2709,Angola,1.717,3.3879,506.79
202001,crude_oil,2709,Oman,1.5278,2.9991,509.42
202001,crude_oil,2709,Kuwait,1.203,2.3997,501.3
202001,crude_oil,2709,Malaysia,0.8481,1.9941,425.28
202001,crude_oil,2709,United Arab Emirates,0.8016,1.6551,484.35
202001,crude_oil,2709,Norway,0.7135,1.4091,506.37
202001,crude_oil,2709,Colombia,0.4787,1.0487,456.46
202001,crude_oil,2709,Libya,0.397,0.727,546.02
202001,crude_oil,2709,Gabon,0.3401,0.6647,511.72
202001,crude_oil,2709,United Kingdom,0.3312,0.5961,555.61
202001,crude_oil,2709,Ghana,0.3147,0.6305,499.06
202001,crude_oil,2709,Iran,0.265,0.518,511.56
202001,crude_oil,2709,Congo,0.2492,0.5076,490.87
202001,crude_oil,2709,Kazakhstan,0.1653,0.3034,544.66
202001,crude_oil,2709,South Sudan,0.1631,0.3065,532.02
202001,crude_oil,2709,Canada,0.1474,0.3506,420.32
202001,crude_oil,2709,Ecuador,0.1166,0.2603,447.88
202001,crude_oil,2709,Yemen,0.0888,0.1618,548.72
202001,crude_oil,2709,Australia,0.0805,0.1613,499.38
202001,crude_oil,2709,Argentina,0.0728,0.144,505.35
202001,crude_oil,2709,Equatorial Guinea,0.068,0.1313,517.68
202001,crude_oil,2709,Qatar,0.0649,0.1309,496.08
202001,crude_oil,2709,Nigeria,0.0617,0.1261,489.53
202001,crude_oil,2709,Egypt,0.0444,0.0816,543.83
202001,crude_oil,2709,Indonesia,0.0427,0.102,418.61
202001,crude_oil,2709,Thailand,0.0176,0.0363,484.06
202001,crude_oil,2709,Mongolia,0.0156,0.0345,451.82
202001,lng,271111,Australia,1.2423,2.7841,446.22
202001,lng,271111,Qatar,0.6127,1.0696,572.85
202001,lng,271111,Russian Federation,0.3075,0.7248,424.2
202001,lng,271111,Malaysia,0.1961,0.5615,349.26
202001,lng,271111,Indonesia,0.1654,0.3895,424.67
202001,lng,271111,Nigeria,0.1274,0.329,387.3
202001,lng,271111,Papua New Guinea,0.1253,0.2362,530.48
202001,lng,271111,Oman,0.0736,0.1947,378.19
202001,lng,271111,Trinidad and Tobago,0.0344,0.0654,526.19
202001,lng,271111,Peru,0.0293,0.0672,435.37
202001,lng,271111,Equatorial Guinea,0.0223,0.0645,346.17
202001,lng,271111,Brunei Darussalam,0.0212,0.0614,344.6
202001,lng,271111,Angola,0.0178,0.0487,364.77
202001,lng,271111,United Arab Emirates,0.0175,0.059,296.45
202001,lng,271111,Canada,0.0004,0.0011,393.56
202001,lng,271111,Netherlands,0.0001,0.0001,1542.76
202001,pipeline_gas,271121,Turkmenistan,0.7028,3.1235,225.0
202001,pipeline_gas,271121,Kazakhstan,0.1607,0.714,225.0
202001,pipeline_gas,271121,Myanmar,0.1469,0.6529,225.0
202001,pipeline_gas,271121,Russian Federation,0.0663,0.2949,225.0
202001,pipeline_gas,271121,Uzbekistan,0.0639,0.2842,225.0
202002,coal,2701,Australia,0.7936,7.2554,109.38
202002,coal,2701,Indonesia,0.3044,5.021,60.62
202002,coal,2701,Russian Federation,0.1676,2.1838,76.76
202002,coal,2701,Canada,0.0645,0.4395,146.68
202002,coal,2701,Mongolia,0.0535,0.7757,68.94
202002,coal,2701,USA,0.0104,0.1042,100.0
202002,coal,2701,Colombia,0.0068,0.0535,128.04
202002,coal,2701,New Zealand,0.0051,0.0655,77.7
202002,coal,2701,Kazakhstan,0.0019,0.0145,130.24
202002,coal,2701,Myanmar,0.0001,0.0056,17.2
202002,coal,2701,Netherlands,0.0001,0.0002,475.59
202002,coal,2701,Germany,0.0,0.0,734.84
202002,crude_oil,2709,Saudi Arabia,3.7518,7.432,504.82
202002,crude_oil,2709,Russian Federation,3.2168,6.5888,488.22
202002,crude_oil,2709,Iraq,2.1567,4.3968,490.51
202002,crude_oil,2709,Brazil,1.582,3.4338,460.72
202002,crude_oil,2709,Oman,1.5177,2.9772,509.78
202002,crude_oil,2709,Angola,1.3834,2.9249,472.96
202002,crude_oil,2709,Kuwait,1.0894,2.1396,509.16
202002,crude_oil,2709,United Arab Emirates,0.7718,1.6016,481.88
202002,crude_oil,2709,Malaysia,0.6087,1.578,385.74
202002,crude_oil,2709,Congo,0.4584,1.0022,457.44
202002,crude_oil,2709,Colombia,0.3711,0.9542,388.87
202002,crude_oil,2709,Norway,0.2943,0.7403,397.53
202002,crude_oil,2709,United Kingdom,0.2927,0.5452,536.85
202002,crude_oil,2709,Kazakhstan,0.2273,0.4164,545.83
202002,crude_oil,2709,Libya,0.2199,0.4006,548.93
202002,crude_oil,2709,Equatorial Guinea,0.1801,0.3597,500.62
202002,crude_oil,2709,Gabon,0.1776,0.3822,464.69
202002,crude_oil,2709,Yemen,0.1739,0.3497,497.26
202002,crude_oil,2709,Thailand,0.0822,0.1865,440.71
202002,crude_oil,2709,Iran,0.0782,0.1502,520.66
202002,crude_oil,2709,Ecuador,0.0719,0.151,476.03
202002,crude_oil,2709,Egypt,0.071,0.1346,527.22
202002,crude_oil,2709,Nigeria,0.0708,0.1311,540.28
202002,crude_oil,2709,Australia,0.0687,0.1321,520.2
202002,crude_oil,2709,Algeria,0.0677,0.1347,502.56
202002,crude_oil,2709,Viet Nam,0.0663,0.1225,541.39
202002,crude_oil,2709,Côte d'Ivoire,0.0636,0.1312,484.57
202002,crude_oil,2709,Ghana,0.0635,0.1267,501.26
202002,crude_oil,2709,South Sudan,0.0451,0.0869,518.94
202002,crude_oil,2709,Qatar,0.0348,0.0659,528.05
202002,crude_oil,2709,Mexico,0.03,0.0656,456.66
202002,crude_oil,2709,Canada,0.029,0.0695,417.1
202002,crude_oil,2709,Chad,0.0281,0.0564,497.91
202002,crude_oil,2709,Mongolia,0.0059,0.0138,431.44
202002,lng,271111,Australia,0.8751,2.1654,404.16
202002,lng,271111,Qatar,0.3987,0.7499,531.72
202002,lng,271111,Indonesia,0.2067,0.4579,451.27
202002,lng,271111,Malaysia,0.1061,0.3306,320.86
202002,lng,271111,Papua New Guinea,0.0618,0.1357,455.19
202002,lng,271111,Trinidad and Tobago,0.0556,0.1965,283.09
202002,lng,271111,Russian Federation,0.0505,0.1292,390.92
202002,lng,271111,Oman,0.0354,0.1248,283.95
202002,lng,271111,Nigeria,0.024,0.074,324.24
202002,lng,271111,Angola,0.0065,0.0185,351.55
202002,lng,271111,Canada,0.0007,0.0016,460.57
202002,lng,271111,Netherlands,0.0002,0.0003,539.82
202002,pipeline_gas,271121,Turkmenistan,0.7028,3.1235,225.0
202002,pipeline_gas,271121,Kazakhstan,0.1607,0.714,225.0
202002,pipeline_gas,271121,Myanmar,0.1469,0.6529,225.0
202002,pipeline_gas,271121,Russian Federation,0.0663,0.2949,225.0
202002,pipeline_gas,271121,Uzbekistan,0.0639,0.2842,225.0
202003,coal,2701,Australia,1.0206,10.005,102.01
202003,coal,2701,Indonesia,0.2796,4.6573,60.03
202003,coal,2701,Russian Federation,0.18,2.4351,73.9
202003,coal,2701,Canada,0.0904,0.655,138.08
202003,coal,2701,USA,0.0193,0.1268,152.38
202003,coal,2701,Mongolia,0.0122,0.296,41.19
202003,coal,2701,Mozambique,0.0096,0.077,124.1
202003,coal,2701,Kazakhstan,0.0049,0.0369,133.92
202003,coal,2701,Lao People's Dem. Rep.,0.0001,0.0012,43.56
202003,coal,2701,Myanmar,0.0,0.0013,17.2
202003,coal,2701,Germany,0.0,0.0,4091.95
202003,coal,2701,Nigeria,0.0,0.0,11566.67
202003,crude_oil,2709,Saudi Arabia,3.0622,7.2094,424.75
202003,crude_oil,2709,Russian Federation,2.7707,7.0202,394.68
202003,crude_oil,2709,Iraq,2.2297,5.5987,398.25
202003,crude_oil,2709,Angola,1.7483,3.9895,438.24
202003,crude_oil,2709,Brazil,1.2876,3.2454,396.75
202003,crude_oil,2709,Oman,0.9871,2.2811,432.73
202003,crude_oil,2709,Kuwait,0.8043,1.9657,409.16
202003,crude_oil,2709,United Arab Emirates,0.6036,1.6273,370.91
202003,crude_oil,2709,Norway,0.4493,1.292,347.78
202003,crude_oil,2709,United Kingdom,0.4406,0.9286,474.43
202003,crude_oil,2709,Colombia,0.3808,1.0595,359.43
202003,crude_oil,2709,Congo,0.3247,0.7482,433.91
202003,crude_oil,2709,Gabon,0.25,0.5351,467.23
202003,crude_oil,2709,Malaysia,0.2441,1.0512,232.24
202003,crude_oil,2709,Ghana,0.219,0.5111,428.4
202003,crude_oil,2709,Kazakhstan,0.1883,0.4041,465.87
202003,crude_oil,2709,Iran,0.1093,0.2558,427.18
202003,crude_oil,2709,Ecuador,0.1088,0.3308,328.83
202003,crude_oil,2709,Equatorial Guinea,0.0764,0.1998,382.39
202003,crude_oil,2709,Nigeria,0.0682,0.134,508.46
202003,crude_oil,2709,Algeria,0.0652,0.1308,498.64
202003,crude_oil,2709,Cameroon,0.0608,0.1341,453.73
202003,crude_oil,2709,Viet Nam,0.0513,0.1175,436.53
202003,crude_oil,2709,Australia,0.0379,0.0749,506.56
202003,crude_oil,2709,Yemen,0.0312,0.0742,420.0
202003,crude_oil,2709,Qatar,0.0276,0.0651,424.07
202003,crude_oil,2709,Mexico,0.0251,0.0657,381.47
202003,crude_oil,2709,Egypt,0.0188,0.0404,466.33
202003,crude_oil,2709,Mongolia,0.0004,0.0023,191.13
202003,crude_oil,2709,USA,0.0,0.0,11944.44
202003,lng,271111,Australia,0.7801,1.9008,410.41
202003,lng,271111,Qatar,0.2963,0.52,569.95
202003,lng,271111,Malaysia,0.1428,0.4502,317.26
202003,lng,271111,Papua New Guinea,0.1177,0.2261,520.45
202003,lng,271111,Indonesia,0.1058,0.3333,317.42
202003,lng,271111,Nigeria,0.0998,0.2609,382.5
202003,lng,271111,Russian Federation,0.0703,0.1997,352.02
202003,lng,271111,Peru,0.0309,0.0636,486.6
202003,lng,271111,Brunei Darussalam,0.0198,0.0648,306.4
202003,lng,271111,Angola,0.0168,0.0524,320.76
202003,lng,271111,Oman,0.012,0.0621,192.39
202003,lng,271111,Egypt,0.0,0.0,700.18
202003,pipeline_gas,271121,Turkmenistan,0.7028,3.1235,225.0
202003,pipeline_gas,271121,Kazakhstan,0.1607,0.714,225.0
202003,pipeline_gas,271121,Myanmar,0.1469,0.6529,225.0
202003,pipeline_gas,271121,Russian Federation,0.0663,0.2949,225.0
202003,pipeline_gas,271121,Uzbekistan,0.0639,0.2842,225.0
202004,coal,2701,Australia,1.1102,10.847,102.35
202004,coal,2701,Indonesia,0.3341,5.504,60.7
202004,coal,2701,Russian Federation,0.252,3.3529,75.17
202004,coal,2701,Mongolia,0.0673,0.9363,71.92
202004,coal,2701,Canada,0.0344,0.2403,143.26
202004,coal,2701,Colombia,0.0216,0.3313,65.19
202004,coal,2701,USA,0.0134,0.0917,146.58
202004,coal,2701,Kazakhstan,0.0065,0.048,135.24
202004,coal,2701,New Zealand,0.0036,0.022,165.03
202004,coal,2701,Malaysia,0.0004,0.0098,38.01
202004,coal,2701,Lao People's Dem. Rep.,0.0001,0.0024,42.82
202004,coal,2701,Ethiopia,0.0,0.0,30300.0
202004,coal,2701,Germany,0.0,0.0,5523.81
202004,coal,2701,Kyrgyzstan,0.0,0.0017,26.03
202004,coal,2701,United Kingdom,0.0,0.0,1842.0
202004,crude_oil,2709,Russian Federation,1.9747,7.2035,274.13
202004,crude_oil,2709,Saudi Arabia,1.2881,5.1645,249.42
202004,crude_oil,2709,Oman,1.185,3.8338,309.09
202004,crude_oil,2709,Iraq,1.1097,3.9828,278.62
202004,crude_oil,2709,Angola,0.9298,3.4038,273.16
202004,crude_oil,2709,United Arab Emirates,0.8367,3.0778,271.86
202004,crude_oil,2709,Brazil,0.5998,2.2411,267.64
202004,crude_oil,2709,Norway,0.506,1.5834,319.58
202004,crude_oil,2709,Kuwait,0.4546,1.571,289.39
202004,crude_oil,2709,Colombia,0.3354,1.5321,218.88
202004,crude_oil,2709,Malaysia,0.2778,1.5733,176.56
202004,crude_oil,2709,Congo,0.1512,0.623,242.61
202004,crude_oil,2709,Kazakhstan,0.142,0.5522,257.23
202004,crude_oil,2709,United Kingdom,0.1369,0.3895,351.59
202004,crude_oil,2709,Iran,0.1094,0.519,210.71
202004,crude_oil,2709,Nigeria,0.0882,0.2745,321.2
202004,crude_oil,2709,Gabon,0.0861,0.2981,288.75
202004,crude_oil,2709,Algeria,0.0727,0.1389,522.96
202004,crude_oil,2709,Ecuador,0.0714,0.3641,196.1
202004,crude_oil,2709,Ghana,0.0695,0.2582,269.31
202004,crude_oil,2709,Yemen,0.0692,0.2705,255.98
202004,crude_oil,2709,Qatar,0.069,0.2514,274.45
202004,crude_oil,2709,Indonesia,0.0492,0.267,184.42
202004,crude_oil,2709,Equatorial Guinea,0.0436,0.1885,231.41
202004,crude_oil,2709,Chad,0.0406,0.1401,289.83
202004,crude_oil,2709,South Sudan,0.0394,0.2142,184.0
202004,crude_oil,2709,Canada,0.0391,0.1722,227.12
202004,crude_oil,2709,Thailand,0.0204,0.0725,282.05
202004,crude_oil,2709,Egypt,0.0192,0.1002,192.09
202004,crude_oil,2709,Libya,0.0174,0.0601,289.52
202004,crude_oil,2709,Australia,0.0116,0.0423,273.58
202004,crude_oil,2709,Viet Nam,0.0116,0.039,297.66
202004,crude_oil,2709,Mongolia,0.002,0.0128,154.38
202004,lng,271111,Australia,1.1936,2.7702,430.89
202004,lng,271111,Indonesia,0.1959,0.4942,396.48
202004,lng,271111,Qatar,0.1628,0.2999,542.73
202004,lng,271111,Papua New Guinea,0.1409,0.3033,464.65
202004,lng,271111,Malaysia,0.0857,0.3774,227.05
202004,lng,271111,Russian Federation,0.0672,0.2583,260.03
202004,lng,271111,Brunei Darussalam,0.04,0.0678,589.93
202004,lng,271111,USA,0.0383,0.207,184.96
202004,lng,271111,United Arab Emirates,0.0372,0.1186,313.27
202004,lng,271111,Peru,0.035,0.0714,490.84
202004,lng,271111,Oman,0.0142,0.0559,253.97
202004,lng,271111,Nigeria,0.0051,0.0091,563.07
202004,pipeline_gas,271121,Turkmenistan,0.7028,3.1235,225.0
202004,pipeline_gas,271121,Kazakhstan,0.1607,0.714,225.0
202004,pipeline_gas,271121,Myanmar,0.1469,0.6529,225.0
202004,pipeline_gas,271121,Russian Federation,0.0663,0.2949,225.0
202004,pipeline_gas,271121,Uzbekistan,0.0639,0.2842,225.0
202005,coal,2701,Australia,0.5247,5.2948,99.1
202005,coal,2701,Indonesia,0.2286,3.98,57.45
202005,coal,2701,Russian Federation,0.1634,2.1734,75.17
202005,coal,2701,Mongolia,0.139,1.8408,75.5
202005,coal,2701,Canada,0.0696,0.5201,133.9
202005,coal,2701,Colombia,0.0222,0.3288,67.44
202005,coal,2701,Kazakhstan,0.0038,0.0283,134.29
202005,coal,2701,USA,0.0,0.0,783.29
202005,crude_oil,2709,Saudi Arabia,1.6612,9.165,181.25
202005,crude_oil,2709,Russian Federation,1.5437,7.7066,200.3
202005,crude_oil,2709,Iraq,1.3492,6.9636,193.75
202005,crude_oil,2709,Oman,0.7837,3.2431,241.66
202005,crude_oil,2709,United Arab Emirates,0.709,3.248,218.29
202005,crude_oil,2709,Angola,0.6406,2.9254,218.97
202005,crude_oil,2709,Brazil,0.5328,2.3326,228.43
202005,crude_oil,2709,Kuwait,0.3863,2.2157,174.34
202005,crude_oil,2709,Azerbaijan,0.2829,1.2273,230.52
202005,crude_oil,2709,United Kingdom,0.1945,0.9565,203.4
202005,crude_oil,2709,Gabon,0.1777,0.7556,235.12
202005,crude_oil,2709,Malaysia,0.1694,1.0035,168.81
202005,crude_oil,2709,Colombia,0.1549,0.9039,171.32
202005,crude_oil,2709,USA,0.1347,0.5497,245.05
202005,crude_oil,2709,Congo,0.1199,0.6492,184.7
202005,crude_oil,2709,Qatar,0.0987,0.4683,210.7
202005,crude_oil,2709,Ghana,0.0929,0.3913,237.38
202005,crude_oil,2709,Australia,0.086,0.2786,308.74
202005,crude_oil,2709,Norway,0.0627,0.2559,245.12
202005,crude_oil,2709,Chad,0.0624,0.2654,235.1
202005,crude_oil,2709,Egypt,0.0599,0.2772,216.2
202005,crude_oil,2709,Indonesia,0.0543,0.306,177.56
202005,crude_oil,2709,Iran,0.0512,0.2569,199.15
202005,crude_oil,2709,Kazakhstan,0.0423,0.293,144.21
202005,crude_oil,2709,Canada,0.0402,0.1704,236.03
202005,crude_oil,2709,Cameroon,0.0379,0.2613,145.18
202005,crude_oil,2709,Equatorial Guinea,0.0375,0.1921,195.27
202005,crude_oil,2709,Guyana,0.0344,0.1313,262.36
202005,crude_oil,2709,Viet Nam,0.0335,0.1606,208.91
202005,crude_oil,2709,Nigeria,0.0215,0.1042,206.34
202005,crude_oil,2709,Yemen,0.021,0.0747,280.69
202005,crude_oil,2709,South Sudan,0.0177,0.0821,215.48
202005,crude_oil,2709,Papua New Guinea,0.0126,0.0385,326.71
202005,crude_oil,2709,Ecuador,0.0072,0.0363,198.34
202005,crude_oil,2709,Thailand,0.0052,0.0381,136.58
202005,crude_oil,2709,Turkmenistan,0.0041,0.0115,357.66
202005,crude_oil,2709,Mongolia,0.0036,0.0236,151.67
202005,lng,271111,Australia,0.9148,2.3545,388.55
202005,lng,271111,Qatar,0.1551,0.3592,431.9
202005,lng,271111,Malaysia,0.1304,0.4316,302.07
202005,lng,271111,USA,0.1184,0.3274,361.54
202005,lng,271111,Indonesia,0.1097,0.2744,399.72
202005,lng,271111,Russian Federation,0.1055,0.3208,328.95
202005,lng,271111,Papua New Guinea,0.0931,0.3065,303.73
202005,lng,271111,Nigeria,0.0629,0.2203,285.28
202005,lng,271111,Oman,0.0567,0.1252,453.11
202005,lng,271111,Peru,0.0388,0.1163,333.12
202005,lng,271111,Brunei Darussalam,0.0232,0.1232,188.04
202005,lng,271111,Algeria,0.0124,0.0593,208.72
202005,lng,271111,Equatorial Guinea,0.0087,0.0673,128.95
202005,lng,271111,Angola,0.0078,0.0633,123.49
202005,lng,271111,Canada,0.0003,0.0006,516.22
202005,pipeline_gas,271121,Turkmenistan,0.7028,3.1235,225.0
202005,pipeline_gas,271121,Kazakhstan,0.1607,0.714,225.0
202005,pipeline_gas,271121,Myanmar,0.1469,0.6529,225.0
202005,pipeline_gas,271121,Russian Federation,0.0663,0.2949,225.0
202005,pipeline_gas,271121,Uzbekistan,0.0639,0.2842,225.0
202006,coal,2701,Australia,0.7321,7.7546,94.41
202006,coal,2701,Indonesia,0.2161,4.3094,50.15
202006,coal,2701,Russian Federation,0.1845,2.5493,72.35
202006,coal,2701,Mongolia,0.1677,2.3707,70.72
202006,coal,2701,Canada,0.0712,0.5488,129.78
202006,coal,2701,USA,0.0383,0.3375,113.57
202006,coal,2701,Colombia,0.0118,0.1643,72.05
202006,coal,2701,Kazakhstan,0.002,0.0147,133.66
202006,coal,2701,Lao People's Dem. Rep.,0.0002,0.0036,44.4
202006,coal,2701,Myanmar,0.0,0.0002,20.69
202006,coal,2701,Germany,0.0,0.0,4167.03
202006,coal,2701,Kyrgyzstan,0.0,0.0001,22.01
202006,crude_oil,2709,Saudi Arabia,1.9436,8.886,218.72
202006,crude_oil,2709,Russian Federation,1.8771,7.9766,235.32
202006,crude_oil,2709,Brazil,1.3213,4.9738,265.66
202006,crude_oil,2709,Iraq,1.2518,6.0118,208.22
202006,crude_oil,2709,Angola,1.1297,4.4379,254.56
202006,crude_oil,2709,Oman,0.7768,2.9774,260.88
202006,crude_oil,2709,Kuwait,0.6422,3.1238,205.57
202006,crude_oil,2709,United Arab Emirates,0.6063,2.5483,237.93
202006,crude_oil,2709,Norway,0.3977,1.4159,280.9
202006,crude_oil,2709,Kazakhstan,0.2795,1.2948,215.83
202006,crude_oil,2709,Colombia,0.219,1.0289,212.85
202006,crude_oil,2709,Congo,0.186,0.7782,238.95
202006,crude_oil,2709,Qatar,0.1828,0.7017,260.5
202006,crude_oil,2709,Azerbaijan,0.1577,0.7299,216.0
202006,crude_oil,2709,Malaysia,0.1448,0.5718,253.28
202006,crude_oil,2709,USA,0.1444,0.5866,246.19
202006,crude_oil,2709,Canada,0.1438,0.6686,215.12
202006,crude_oil,2709,United Kingdom,0.1395,0.5249,265.81
202006,crude_oil,2709,Equatorial Guinea,0.1132,0.413,274.03
202006,crude_oil,2709,Ghana,0.104,0.3935,264.26
202006,crude_oil,2709,Gabon,0.0826,0.3129,263.9
202006,crude_oil,2709,Nigeria,0.0799,0.3959,201.72
202006,crude_oil,2709,Viet Nam,0.0773,0.2769,279.29
202006,crude_oil,2709,Australia,0.0733,0.2472,296.58
202006,crude_oil,2709,Indonesia,0.0649,0.2246,288.78
202006,crude_oil,2709,Dem. Rep. of the Congo,0.0363,0.1191,304.89
202006,crude_oil,2709,Türkiye,0.0363,0.1324,273.78
202006,crude_oil,2709,Libya,0.0361,0.1159,311.37
202006,crude_oil,2709,Cameroon,0.0321,0.1328,241.92
202006,crude_oil,2709,Guyana,0.0317,0.1374,231.1
202006,crude_oil,2709,Thailand,0.0311,0.1204,258.38
202006,crude_oil,2709,Chad,0.0293,0.1322,221.61
202006,crude_oil,2709,Ecuador,0.0286,0.1232,231.98
202006,crude_oil,2709,Argentina,0.0271,0.1499,180.54
202006,crude_oil,2709,Denmark,0.0264,0.0975,270.9
202006,crude_oil,2709,Sudan,0.0247,0.0819,301.37
202006,crude_oil,2709,Egypt,0.0215,0.0831,258.53
202006,crude_oil,2709,Yemen,0.0207,0.074,280.0
202006,crude_oil,2709,Brunei Darussalam,0.0165,0.0771,214.12
202006,crude_oil,2709,Mexico,0.0126,0.068,185.04
202006,crude_oil,2709,Mongolia,0.0043,0.0253,171.02
202006,lng,271111,Australia,0.7932,2.2485,352.75
202006,lng,271111,Indonesia,0.3507,0.9881,354.93
202006,lng,271111,Malaysia,0.1502,0.5615,267.5
202006,lng,271111,Russian Federation,0.1201,0.3907,307.39
202006,lng,271111,Peru,0.1149,0.2626,437.44
202006,lng,271111,USA,0.0973,0.3359,289.85
202006,lng,271111,Qatar,0.085,0.2669,318.59
202006,lng,271111,Papua New Guinea,0.0725,0.2362,306.99
202006,lng,271111,Singapore,0.032,0.0732,436.71
202006,lng,271111,Nigeria,0.0168,0.1323,127.28
202006,lng,271111,Oman,0.0149,0.0635,234.78
202006,lng,271111,Cameroon,0.0098,0.068,143.36
202006,lng,271111,Belgium,0.0081,0.0736,109.65
202006,lng,271111,Brunei Darussalam,0.0072,0.0645,111.29
202006,lng,271111,Canada,0.0,0.0001,517.8
202006,pipeline_gas,271121,Turkmenistan,0.7028,3.1235,225.0
202006,pipeline_gas,271121,Kazakhstan,0.1607,0.714,225.0
202006,pipeline_gas,271121,Myanmar,0.1469,0.6529,225.0
202006,pipeline_gas,271121,Russian Federation,0.0663,0.2949,225.0
202006,pipeline_gas,271121,Uzbekistan,0.0639,0.2842,225.0
202007,coal,2701,Australia,0.8619,8.3831,102.82
202007,coal,2701,Indonesia,0.2416,4.7447,50.92
202007,coal,2701,Mongolia,0.1729,2.5332,68.27
202007,coal,2701,Russian Federation,0.1637,2.4543,66.71
202007,coal,2701,Canada,0.0195,0.2185,89.12
202007,coal,2701,Colombia,0.011,0.1685,65.4
202007,coal,2701,Kazakhstan,0.0009,0.0075,124.48
202007,coal,2701,Myanmar,0.0,0.0007,22.48
202007,coal,2701,Germany,0.0,0.0,8800.0
202007,coal,2701,Kyrgyzstan,0.0,0.0006,20.41
202007,crude_oil,2709,Russian Federation,2.206,7.3806,298.89
202007,crude_oil,2709,Iraq,1.5547,5.7895,268.55
202007,crude_oil,2709,Saudi Arabia,1.4424,5.3587,269.16
202007,crude_oil,2709,Brazil,1.3263,4.5912,288.87
202007,crude_oil,2709,Angola,1.0509,3.5995,291.97
202007,crude_oil,2709,USA,1.0478,3.6643,285.95
202007,crude_oil,2709,United Arab Emirates,1.0327,3.5331,292.28
202007,crude_oil,2709,Oman,0.9157,3.4392,266.25
202007,crude_oil,2709,Kuwait,0.5823,2.1616,269.37
202007,crude_oil,2709,Norway,0.3756,1.2671,296.43
202007,crude_oil,2709,Colombia,0.3458,1.3718,252.1
202007,crude_oil,2709,Congo,0.3347,1.1554,289.71
202007,crude_oil,2709,Nigeria,0.3165,1.0973,288.44
202007,crude_oil,2709,Gabon,0.2718,0.7869,345.32
202007,crude_oil,2709,United Kingdom,0.1938,0.6151,315.01
202007,crude_oil,2709,Canada,0.1921,0.7349,261.41
202007,crude_oil,2709,Ghana,0.1716,0.5245,327.17
202007,crude_oil,2709,Qatar,0.1654,0.5597,295.51
202007,crude_oil,2709,Iran,0.1353,0.499,271.17
202007,crude_oil,2709,South Sudan,0.1317,0.4223,311.9
202007,crude_oil,2709,Ecuador,0.1282,0.5066,253.03
202007,crude_oil,2709,Equatorial Guinea,0.1097,0.3181,344.81
202007,crude_oil,2709,Australia,0.1029,0.3391,303.48
202007,crude_oil,2709,Malaysia,0.1027,0.3826,268.48
202007,crude_oil,2709,Viet Nam,0.0849,0.2521,336.78
202007,crude_oil,2709,Chad,0.0423,0.1318,321.13
202007,crude_oil,2709,Cameroon,0.0382,0.1337,285.9
202007,crude_oil,2709,Libya,0.0377,0.116,325.12
202007,crude_oil,2709,Indonesia,0.0262,0.0808,324.7
202007,crude_oil,2709,Kazakhstan,0.0251,0.0989,253.69
202007,crude_oil,2709,Mongolia,0.0153,0.0611,250.97
202007,crude_oil,2709,Thailand,0.0103,0.0381,270.09
202007,crude_oil,2709,Philippines,0.0082,0.0287,287.06
202007,lng,271111,Australia,0.923,2.4104,382.91
202007,lng,271111,Qatar,0.2372,0.6929,342.31
202007,lng,271111,Malaysia,0.1667,0.6513,255.97
202007,lng,271111,Nigeria,0.1081,0.3478,310.78
202007,lng,271111,Papua New Guinea,0.0817,0.3007,271.58
202007,lng,271111,Russian Federation,0.0728,0.2015,361.42
202007,lng,271111,USA,0.0412,0.1356,304.0
202007,lng,271111,Brunei Darussalam,0.0245,0.0674,363.89
202007,lng,271111,Indonesia,0.0178,0.1148,155.36
202007,lng,271111,Cameroon,0.0119,0.0671,177.66
202007,pipeline_gas,271121,Turkmenistan,0.7028,3.1235,225.0
202007,pipeline_gas,271121,Kazakhstan,0.1607,0.714,225.0
202007,pipeline_gas,271121,Myanmar,0.1469,0.6529,225.0
202007,pipeline_gas,271121,Russian Federation,0.0663,0.2949,225.0
202007,pipeline_gas,271121,Uzbekistan,0.0639,0.2842,225.0
202008,coal,2701,Australia,0.5657,5.9879,94.48
202008,coal,2701,Mongolia,0.2566,3.5668,71.95
202008,coal,2701,Indonesia,0.1737,3.4591,50.23
202008,coal,2701,Russian Federation,0.1446,2.0709,69.83
202008,coal,2701,Canada,0.0557,0.5475,101.68
202008,coal,2701,Colombia,0.0114,0.1694,67.57
202008,coal,2701,USA,0.007,0.0735,95.59
202008,coal,2701,Kazakhstan,0.0007,0.0058,125.63
202008,coal,2701,Germany,0.0,0.0,4006.69
202008,crude_oil,2709,Russian Federation,1.8383,5.7993,316.98
202008,crude_oil,2709,Saudi Arabia,1.6741,5.2605,318.23
202008,crude_oil,2709,Iraq,1.4568,4.5968,316.92
202008,crude_oil,2709,United Arab Emirates,1.3861,4.2036,329.74
202008,crude_oil,2709,Brazil,1.3269,4.1455,320.09
202008,crude_oil,2709,Angola,0.9545,2.9904,319.18
202008,crude_oil,2709,Kuwait,0.8393,2.5574,328.18
202008,crude_oil,2709,Oman,0.8155,2.5841,315.57
202008,crude_oil,2709,USA,0.6988,2.222,314.5
202008,crude_oil,2709,Norway,0.4536,1.4121,321.24
202008,crude_oil,2709,United Kingdom,0.4394,1.3151,334.15
202008,crude_oil,2709,Congo,0.3989,1.1686,341.3
202008,crude_oil,2709,Qatar,0.393,1.13,347.79
202008,crude_oil,2709,Nigeria,0.3249,0.9728,334.02
202008,crude_oil,2709,Ecuador,0.254,0.8586,295.87
202008,crude_oil,2709,Malaysia,0.2437,0.8164,298.48
202008,crude_oil,2709,Colombia,0.2073,0.8912,232.55
202008,crude_oil,2709,Equatorial Guinea,0.19,0.5841,325.23
202008,crude_oil,2709,Gabon,0.1771,0.5018,352.92
202008,crude_oil,2709,Yemen,0.1632,0.4805,339.6
202008,crude_oil,2709,Canada,0.1258,0.5181,242.83
202008,crude_oil,2709,South Sudan,0.0832,0.247,337.01
202008,crude_oil,2709,Egypt,0.0768,0.2294,334.86
202008,crude_oil,2709,Ghana,0.0621,0.2593,239.35
202008,crude_oil,2709,Indonesia,0.0578,0.1716,337.01
202008,crude_oil,2709,Viet Nam,0.0577,0.1538,375.15
202008,crude_oil,2709,Kazakhstan,0.0516,0.1468,351.26
202008,crude_oil,2709,Cameroon,0.0461,0.1339,344.52
202008,crude_oil,2709,Dem. Rep. of the Congo,0.0452,0.1245,363.14
202008,crude_oil,2709,Chad,0.0444,0.133,334.15
202008,crude_oil,2709,Côte d'Ivoire,0.0427,0.1321,322.99
202008,crude_oil,2709,Guyana,0.0363,0.1023,355.37
202008,crude_oil,2709,Turkmenistan,0.0347,0.097,357.27
202008,crude_oil,2709,Australia,0.0339,0.108,314.06
202008,crude_oil,2709,Thailand,0.028,0.0777,360.45
202008,crude_oil,2709,Sudan,0.0269,0.078,344.76
202008,crude_oil,2709,Papua New Guinea,0.0261,0.0783,332.85
202008,crude_oil,2709,Argentina,0.0205,0.071,288.56
202008,crude_oil,2709,Mexico,0.0172,0.0653,263.88
202008,crude_oil,2709,Mongolia,0.0155,0.0565,274.68
202008,lng,271111,Australia,0.6726,2.4833,270.85
202008,lng,271111,Malaysia,0.1796,0.6941,258.69
202008,lng,271111,Indonesia,0.1764,0.578,305.26
202008,lng,271111,Russian Federation,0.1643,0.5378,305.53
202008,lng,271111,Qatar,0.1321,0.5445,242.55
202008,lng,271111,Nigeria,0.0743,0.3187,233.19
202008,lng,271111,Papua New Guinea,0.0657,0.3074,213.78
202008,lng,271111,USA,0.049,0.1325,369.91
202008,lng,271111,Angola,0.0274,0.0668,409.96
202008,lng,271111,Peru,0.0125,0.0577,216.03
202008,lng,271111,United Arab Emirates,0.0108,0.0584,185.34
202008,lng,271111,Oman,0.0076,0.0623,122.33
202008,lng,271111,Cameroon,0.0071,0.0618,114.65
202008,lng,271111,Canada,0.0,0.0,593.37
202008,pipeline_gas,271121,Turkmenistan,0.7028,3.1235,225.0
202008,pipeline_gas,271121,Kazakhstan,0.1607,0.714,225.0
202008,pipeline_gas,271121,Myanmar,0.1469,0.6529,225.0
202008,pipeline_gas,271121,Russian Federation,0.0663,0.2949,225.0
202008,pipeline_gas,271121,Uzbekistan,0.0639,0.2842,225.0
202009,coal,2701,Australia,0.3822,4.4702,85.49
202009,coal,2701,Mongolia,0.3376,5.1594,65.43
202009,coal,2701,Indonesia,0.1614,3.168,50.96
202009,coal,2701,Russian Federation,0.1435,2.2047,65.08
202009,coal,2701,Canada,0.0349,0.3099,112.56
202009,coal,2701,Kazakhstan,0.0013,0.0099,126.71
202009,coal,2701,Kyrgyzstan,0.0002,0.0067,22.49
202009,coal,2701,Myanmar,0.0,0.0001,26.24
202009,coal,2701,Japan,0.0,0.0,2379.15
202009,coal,2701,Viet Nam,0.0,0.0,3391.62
202009,crude_oil,2709,Saudi Arabia,2.6368,7.7858,338.67
202009,crude_oil,2709,Russian Federation,2.4546,7.4774,328.27
202009,crude_oil,2709,Brazil,1.4709,4.4953,327.21
202009,crude_oil,2709,USA,1.3519,3.8952,347.05
202009,crude_oil,2709,Oman,1.2349,3.6414,339.13
202009,crude_oil,2709,Iraq,1.204,3.6548,329.43
202009,crude_oil,2709,United Arab Emirates,1.136,3.4874,325.75
202009,crude_oil,2709,Angola,1.1153,3.345,333.42
202009,crude_oil,2709,Kuwait,0.5935,1.8076,328.33
202009,crude_oil,2709,Qatar,0.4504,1.3057,344.95
202009,crude_oil,2709,Colombia,0.2909,0.9834,295.87
202009,crude_oil,2709,Norway,0.2422,0.8089,299.4
202009,crude_oil,2709,Iran,0.2247,0.6781,331.37
202009,crude_oil,2709,Congo,0.2208,0.6431,343.32
202009,crude_oil,2709,Gabon,0.2139,0.6087,351.4
202009,crude_oil,2709,Malaysia,0.1513,0.4413,342.74
202009,crude_oil,2709,Viet Nam,0.1374,0.361,380.53
202009,crude_oil,2709,Ecuador,0.124,0.4011,309.06
202009,crude_oil,2709,South Sudan,0.1158,0.3339,346.85
202009,crude_oil,2709,Azerbaijan,0.1032,0.2755,374.76
202009,crude_oil,2709,Nigeria,0.1002,0.3147,318.46
202009,crude_oil,2709,Ghana,0.0927,0.2576,359.9
202009,crude_oil,2709,Cameroon,0.0867,0.2673,324.52
202009,crude_oil,2709,Chad,0.0858,0.2699,317.78
202009,crude_oil,2709,Canada,0.0663,0.2951,224.86
202009,crude_oil,2709,Equatorial Guinea,0.0517,0.1379,374.91
202009,crude_oil,2709,Indonesia,0.0503,0.1428,352.46
202009,crude_oil,2709,Rep. of Korea,0.0461,0.13,354.46
202009,crude_oil,2709,Guyana,0.0441,0.1315,335.06
202009,crude_oil,2709,Mongolia,0.0196,0.0756,259.69
202009,crude_oil,2709,Kazakhstan,0.0047,0.0163,290.27
202009,lng,271111,Australia,0.58,2.2926,252.98
202009,lng,271111,Indonesia,0.1693,0.5485,308.69
202009,lng,271111,Qatar,0.1686,0.5646,298.55
202009,lng,271111,Malaysia,0.1414,0.5431,260.32
202009,lng,271111,Russian Federation,0.1132,0.407,278.2
202009,lng,271111,Papua New Guinea,0.0691,0.2344,294.82
202009,lng,271111,USA,0.0634,0.2513,252.45
202009,lng,271111,Peru,0.0616,0.1871,329.48
202009,lng,271111,Nigeria,0.0558,0.3214,173.61
202009,lng,271111,Oman,0.0193,0.1194,161.62
202009,lng,271111,Algeria,0.0163,0.0631,258.03
202009,lng,271111,France,0.0155,0.0696,223.38
202009,lng,271111,Angola,0.0091,0.0618,146.93
202009,pipeline_gas,271121,Turkmenistan,0.7028,3.1235,225.0
202009,pipeline_gas,271121,Kazakhstan,0.1607,0.714,225.0
202009,pipeline_gas,271121,Myanmar,0.1469,0.6529,225.0
202009,pipeline_gas,271121,Russian Federation,0.0663,0.2949,225.0
202009,pipeline_gas,271121,Uzbekistan,0.0639,0.2842,225.0
202010,coal,2701,Mongolia,0.2728,3.857,70.72
202010,coal,2701,Australia,0.2237,2.3524,95.1
202010,coal,2701,Russian Federation,0.1909,2.8117,67.88
202010,coal,2701,Indonesia,0.0797,1.5748,50.61
202010,coal,2701,Canada,0.0478,0.405,117.93
202010,coal,2701,Myanmar,0.0,0.0001,26.23
202010,coal,2701,Germany,0.0,0.0,4301.62
202010,coal,2701,"China, Hong Kong SAR",0.0,0.0,23120.0
202010,coal,2701,Lao People's Dem. Rep.,0.0,0.0002,51.02
202010,coal,2701,USA,0.0,0.0,1182.98
202010,crude_oil,2709,Russian Federation,2.0052,6.5578,305.77
202010,crude_oil,2709,Saudi Arabia,1.9371,5.9372,326.26
202010,crude_oil,2709,Iraq,1.423,4.6133,308.44
202010,crude_oil,2709,Angola,1.1366,3.5213,322.78
202010,crude_oil,2709,Brazil,1.0662,3.2417,328.91
202010,crude_oil,2709,Oman,1.0268,3.1146,329.67
202010,crude_oil,2709,United Arab Emirates,0.945,2.8237,334.67
202010,crude_oil,2709,Kuwait,0.7533,2.3819,316.28
202010,crude_oil,2709,USA,0.5382,1.6254,331.13
202010,crude_oil,2709,Norway,0.4335,1.3821,313.64
202010,crude_oil,2709,Colombia,0.3226,1.1192,288.24
202010,crude_oil,2709,Ecuador,0.254,0.8752,290.21
202010,crude_oil,2709,Qatar,0.2504,0.7673,326.36
202010,crude_oil,2709,Malaysia,0.2072,0.7044,294.17
202010,crude_oil,2709,Congo,0.1582,0.5218,303.17
202010,crude_oil,2709,Ghana,0.1262,0.3779,333.92
202010,crude_oil,2709,Gabon,0.1208,0.381,317.15
202010,crude_oil,2709,South Sudan,0.0872,0.2428,359.28
202010,crude_oil,2709,Iran,0.0825,0.2634,313.39
202010,crude_oil,2709,Yemen,0.0822,0.2748,299.0
202010,crude_oil,2709,Guyana,0.0798,0.2627,303.86
202010,crude_oil,2709,Viet Nam,0.0752,0.2223,338.39
202010,crude_oil,2709,Nigeria,0.0741,0.2092,353.97
202010,crude_oil,2709,Azerbaijan,0.0469,0.1229,381.96
202010,crude_oil,2709,Egypt,0.0466,0.1384,336.36
202010,crude_oil,2709,Chad,0.0463,0.1326,349.23
202010,crude_oil,2709,Dem. Rep. of the Congo,0.0435,0.1244,350.0
202010,crude_oil,2709,Cameroon,0.0432,0.1391,310.29
202010,crude_oil,2709,Equatorial Guinea,0.0299,0.0901,331.58
202010,crude_oil,2709,Mexico,0.0238,0.0894,266.63
202010,crude_oil,2709,Canada,0.0229,0.0811,281.85
202010,crude_oil,2709,Mongolia,0.0164,0.0653,251.57
202010,crude_oil,2709,Kazakhstan,0.0108,0.0415,259.11
202010,crude_oil,2709,United Kingdom,0.0069,0.0255,271.97
202010,lng,271111,Australia,0.6294,2.3031,273.26
202010,lng,271111,Russian Federation,0.194,0.6781,286.14
202010,lng,271111,Qatar,0.1489,0.3827,389.15
202010,lng,271111,Malaysia,0.1415,0.5187,272.7
202010,lng,271111,USA,0.0852,0.2723,312.89
202010,lng,271111,Papua New Guinea,0.0799,0.2359,338.5
202010,lng,271111,Indonesia,0.0798,0.3057,261.0
202010,lng,271111,Nigeria,0.0437,0.1986,219.93
202010,lng,271111,Cameroon,0.0128,0.0578,222.17
202010,lng,271111,Oman,0.0027,0.0087,310.65
202010,lng,271111,Japan,0.0,0.0,618.27
202010,pipeline_gas,271121,Turkmenistan,0.7028,3.1235,225.0
202010,pipeline_gas,271121,Kazakhstan,0.1607,0.714,225.0
202010,pipeline_gas,271121,Myanmar,0.1469,0.6529,225.0
202010,pipeline_gas,271121,Russian Federation,0.0663,0.2949,225.0
202010,pipeline_gas,271121,Uzbekistan,0.0639,0.2842,225.0
202011,coal,2701,Mongolia,0.2077,2.9275,70.93
202011,coal,2701,Russian Federation,0.1795,2.7222,65.93
202011,coal,2701,Indonesia,0.0792,1.5119,52.35
202011,coal,2701,Australia,0.0499,0.5616,88.78
202011,coal,2701,Canada,0.0342,0.3118,109.73
202011,coal,2701,USA,0.01,0.075,132.93
202011,coal,2701,Kyrgyzstan,0.0,0.0002,19.33
202011,coal,2701,Zimbabwe,0.0,0.0,144.99
202011,coal,2701,Spain,0.0,0.0,3280.0
202011,crude_oil,2709,Saudi Arabia,2.6382,8.4801,311.1
202011,crude_oil,2709,Russian Federation,1.8547,6.1047,303.81
202011,crude_oil,2709,Oman,1.5832,5.1056,310.09
202011,crude_oil,2709,Iraq,1.5375,5.0987,301.56
202011,crude_oil,2709,USA,1.2154,3.6121,336.48
202011,crude_oil,2709,Angola,1.0786,3.4222,315.17
202011,crude_oil,2709,Brazil,1.0049,3.1567,318.34
202011,crude_oil,2709,United Arab Emirates,0.8561,2.617,327.15
202011,crude_oil,2709,Kuwait,0.6046,1.9898,303.87
202011,crude_oil,2709,Malaysia,0.4333,1.3542,319.99
202011,crude_oil,2709,Congo,0.2578,0.8613,299.29
202011,crude_oil,2709,Qatar,0.207,0.6248,331.31
202011,crude_oil,2709,Equatorial Guinea,0.1361,0.4085,333.07
202011,crude_oil,2709,Norway,0.1039,0.3136,331.41
202011,crude_oil,2709,Colombia,0.0965,0.3378,285.61
202011,crude_oil,2709,Iran,0.0775,0.2597,298.47
202011,crude_oil,2709,Gabon,0.0774,0.2512,308.16
202011,crude_oil,2709,Ecuador,0.0733,0.2784,263.35
202011,crude_oil,2709,Cameroon,0.0547,0.135,405.25
202011,crude_oil,2709,Chad,0.0407,0.132,308.58
202011,crude_oil,2709,Ghana,0.0402,0.1258,319.34
202011,crude_oil,2709,Dem. Rep. of the Congo,0.0392,0.1242,315.65
202011,crude_oil,2709,Viet Nam,0.0349,0.1025,340.66
202011,crude_oil,2709,Egypt,0.0293,0.0997,294.2
202011,crude_oil,2709,Canada,0.0225,0.0821,273.69
202011,crude_oil,2709,Mongolia,0.021,0.0786,266.94
202011,crude_oil,2709,Yemen,0.0208,0.0649,321.12
202011,crude_oil,2709,Nigeria,0.0184,0.0475,388.71
202011,crude_oil,2709,Indonesia,0.0155,0.0475,325.76
202011,crude_oil,2709,Kazakhstan,0.0105,0.0416,253.38
202011,crude_oil,2709,Thailand,0.0102,0.0326,314.41
202011,crude_oil,2709,Azerbaijan,0.0054,0.0139,385.49
202011,crude_oil,2709,Albania,0.0,0.0,29333.33
202011,lng,271111,Australia,0.8245,2.7245,302.63
202011,lng,271111,Qatar,0.4432,1.266,350.07
202011,lng,271111,Russian Federation,0.2034,0.5438,374.01
202011,lng,271111,USA,0.1668,0.4055,411.19
202011,lng,271111,Malaysia,0.1122,0.3501,320.42
202011,lng,271111,Indonesia,0.1018,0.3662,278.1
202011,lng,271111,Papua New Guinea,0.0811,0.2362,343.51
202011,lng,271111,Peru,0.0464,0.1385,335.17
202011,lng,271111,Brunei Darussalam,0.0355,0.1338,265.25
202011,lng,271111,Oman,0.0323,0.1207,267.65
202011,lng,271111,Cameroon,0.028,0.0659,425.32
202011,lng,271111,Angola,0.0256,0.068,376.06
202011,lng,271111,Netherlands,0.0195,0.0641,304.68
202011,lng,271111,Nigeria,0.016,0.061,262.14
202011,pipeline_gas,271121,Turkmenistan,0.7028,3.1235,225.0
202011,pipeline_gas,271121,Kazakhstan,0.1607,0.714,225.0
202011,pipeline_gas,271121,Myanmar,0.1469,0.6529,225.0
202011,pipeline_gas,271121,Russian Federation,0.0663,0.2949,225.0
202011,pipeline_gas,271121,Uzbekistan,0.0639,0.2842,225.0
202012,coal,2701,Indonesia,0.5269,9.6244,54.74
202012,coal,2701,Russian Federation,0.459,6.1054,75.17
202012,coal,2701,Mongolia,0.1284,1.7606,72.93
202012,coal,2701,Canada,0.07,0.6258,111.84
202012,coal,2701,Colombia,0.0233,0.3296,70.83
202012,coal,2701,USA,0.0143,0.1349,105.8
202012,coal,2701,Australia,0.0058,0.0902,64.34
202012,coal,2701,Iran,0.0037,0.0403,90.62
202012,coal,2701,United Arab Emirates,0.0012,0.025,46.82
202012,coal,2701,Kyrgyzstan,0.0004,0.0172,25.09
202012,coal,2701,New Zealand,0.0,0.0,6763.64
202012,crude_oil,2709,Saudi Arabia,2.3061,6.9384,332.36
202012,crude_oil,2709,Russian Federation,2.1241,6.1651,344.53
202012,crude_oil,2709,Angola,1.2741,3.8244,333.16
202012,crude_oil,2709,USA,1.2683,3.601,352.21
202012,crude_oil,2709,Kuwait,1.0335,3.1836,324.61
202012,crude_oil,2709,Iraq,0.9782,3.1786,307.76
202012,crude_oil,2709,Brazil,0.7205,2.1516,334.85
202012,crude_oil,2709,Oman,0.5416,1.6812,322.14
202012,crude_oil,2709,Malaysia,0.3648,0.9922,367.71
202012,crude_oil,2709,Colombia,0.3295,1.1495,286.6
202012,crude_oil,2709,Norway,0.3197,0.8358,382.55
202012,crude_oil,2709,United Arab Emirates,0.2446,0.7325,333.99
202012,crude_oil,2709,Congo,0.1804,0.5853,308.25
202012,crude_oil,2709,Iran,0.1769,0.5188,340.95
202012,crude_oil,2709,Ecuador,0.1485,0.5265,282.13
202012,crude_oil,2709,Gabon,0.129,0.3746,344.37
202012,crude_oil,2709,Libya,0.1118,0.2771,403.4
202012,crude_oil,2709,Ghana,0.0924,0.2542,363.63
202012,crude_oil,2709,Indonesia,0.0604,0.1708,353.9
202012,crude_oil,2709,Azerbaijan,0.0553,0.1386,399.37
202012,crude_oil,2709,Nigeria,0.0486,0.126,385.38
202012,crude_oil,2709,Qatar,0.0473,0.1286,367.97
202012,crude_oil,2709,Egypt,0.0472,0.1387,339.99
202012,crude_oil,2709,Guyana,0.0445,0.1434,310.17
202012,crude_oil,2709,Dem. Rep. of the Congo,0.0414,0.1245,332.26
202012,crude_oil,2709,Equatorial Guinea,0.0399,0.1251,319.22
202012,crude_oil,2709,Cameroon,0.0397,0.1269,312.75
202012,crude_oil,2709,Canada,0.0233,0.0796,292.71
202012,crude_oil,2709,Brunei Darussalam,0.0145,0.0406,357.96
202012,crude_oil,2709,Thailand,0.0137,0.0402,341.49
202012,crude_oil,2709,Kazakhstan,0.0098,0.0355,274.79
202012,crude_oil,2709,Mongolia,0.0098,0.0332,294.26
202012,crude_oil,2709,Australia,0.0017,0.005,341.41
202012,crude_oil,2709,Chad,0.0,0.0,6521.74
202012,lng,271111,Australia,0.8832,2.4893,354.79
202012,lng,271111,Qatar,0.5335,1.4284,373.49
202012,lng,271111,USA,0.4064,1.0304,394.41
202012,lng,271111,Russian Federation,0.2498,0.6553,381.26
202012,lng,271111,Malaysia,0.178,0.5517,322.7
202012,lng,271111,Papua New Guinea,0.0812,0.2344,346.37
202012,lng,271111,Indonesia,0.075,0.2715,276.31
202012,lng,271111,Nigeria,0.0601,0.1384,433.97
202012,lng,271111,Angola,0.0481,0.1276,376.67
202012,lng,271111,Oman,0.0405,0.128,316.49
202012,lng,271111,Brunei Darussalam,0.0375,0.1297,288.85
202012,lng,271111,Peru,0.0279,0.0684,408.1
202012,lng,271111,Netherlands,0.0274,0.0702,390.05
202012,lng,271111,Cameroon,0.0227,0.063,359.57
202012,lng,271111,United Arab Emirates,0.0208,0.0601,346.99
202012,lng,271111,Egypt,0.0152,0.0643,235.95
202012,pipeline_gas,271121,Turkmenistan,0.7028,3.1235,225.0
202012,pipeline_gas,271121,Kazakhstan,0.1607,0.714,225.0
202012,pipeline_gas,271121,Myanmar,0.1469,0.6529,225.0
202012,pipeline_gas,271121,Russian Federation,0.0663,0.2949,225.0
202012,pipeline_gas,271121,Uzbekistan,0.0639,0.2842,225.0
202101,coal,2701,Indonesia,0.3599,5.9242,60.75
202101,coal,2701,Russian Federation,0.2324,3.2199,72.16
202101,coal,2701,Mongolia,0.1974,2.445,80.75
202101,coal,2701,Canada,0.0562,0.3742,150.33
202101,coal,2701,USA,0.0428,0.279,153.51
202101,coal,2701,Mozambique,0.0111,0.0785,141.29
202101,coal,2701,Lao People's Dem. Rep.,0.0,0.0002,106.41
202101,crude_oil,2709,Saudi Arabia,2.7949,7.605,367.5
202101,crude_oil,2709,Russian Federation,2.5487,6.6074,385.74
202101,crude_oil,2709,Angola,1.5535,3.963,392.01
202101,crude_oil,2709,Iraq,1.5433,4.2729,361.19
202101,crude_oil,2709,Oman,1.3305,3.6373,365.79
202101,crude_oil,2709,United Arab Emirates,1.2804,3.4121,375.27
202101,crude_oil,2709,Brazil,0.89,2.1725,409.64
202101,crude_oil,2709,USA,0.7686,1.9833,387.54
202101,crude_oil,2709,Kuwait,0.7118,1.9737,360.65
202101,crude_oil,2709,Malaysia,0.672,1.5942,421.51
202101,crude_oil,2709,Norway,0.541,1.34,403.75
202101,crude_oil,2709,Congo,0.4265,1.1671,365.45
202101,crude_oil,2709,Colombia,0.2865,0.8302,345.09
202101,crude_oil,2709,United Kingdom,0.2711,0.6849,395.86
202101,crude_oil,2709,Qatar,0.2465,0.6511,378.67
202101,crude_oil,2709,Libya,0.2238,0.5232,427.66
202101,crude_oil,2709,Kazakhstan,0.1167,0.2948,395.82
202101,crude_oil,2709,Gabon,0.098,0.2518,389.3
202101,crude_oil,2709,Canada,0.0767,0.2226,344.51
202101,crude_oil,2709,Yemen,0.057,0.1369,416.11
202101,crude_oil,2709,Dem. Rep. of the Congo,0.0528,0.1245,423.9
202101,crude_oil,2709,Egypt,0.0507,0.1296,391.09
202101,crude_oil,2709,Chad,0.0499,0.1326,376.02
202101,crude_oil,2709,Ghana,0.0492,0.1264,389.04
202101,crude_oil,2709,Nigeria,0.0483,0.1256,384.95
202101,crude_oil,2709,Cameroon,0.0448,0.127,353.0
202101,crude_oil,2709,Ecuador,0.043,0.1207,356.18
202101,crude_oil,2709,Mongolia,0.0408,0.1265,322.68
202101,crude_oil,2709,Brunei Darussalam,0.0348,0.0787,441.84
202101,crude_oil,2709,Indonesia,0.0326,0.0862,378.39
202101,crude_oil,2709,Viet Nam,0.0249,0.0676,368.05
202101,lng,271111,Australia,0.9911,2.7235,363.9
202101,lng,271111,Qatar,0.4685,1.207,388.2
202101,lng,271111,USA,0.3701,0.9097,406.87
202101,lng,271111,Malaysia,0.2808,0.7477,375.51
202101,lng,271111,Russian Federation,0.2041,0.4916,415.19
202101,lng,271111,Indonesia,0.1978,0.5871,336.98
202101,lng,271111,Oman,0.1604,0.3946,406.6
202101,lng,271111,Papua New Guinea,0.1543,0.3719,414.81
202101,lng,271111,Egypt,0.1319,0.3672,359.12
202101,lng,271111,Nigeria,0.1161,0.2677,433.81
202101,lng,271111,Cameroon,0.0435,0.0643,676.3
202101,lng,271111,Trinidad and Tobago,0.0238,0.0546,436.05
202101,lng,271111,Philippines,0.0234,0.0551,424.64
202101,lng,271111,Brunei Darussalam,0.0232,0.068,341.48
202101,lng,271111,Peru,0.0185,0.0629,294.97
202101,lng,271111,Angola,0.0019,0.0052,367.24
202101,pipeline_gas,271121,Turkmenistan,0.4564,1.1878,384.22
202101,pipeline_gas,271121,Myanmar,0.1396,0.3634,384.22
202101,pipeline_gas,271121,Kazakhstan,0.1026,0.2671,384.22
202101,pipeline_gas,271121,Russian Federation,0.0753,0.196,384.22
202101,pipeline_gas,271121,Uzbekistan,0.0154,0.04,384.22
202101,pipeline_gas,271121,USA,0.0,0.0,384.22
202102,coal,2701,Indonesia,0.4516,6.1827,73.04
202102,coal,2701,Russian Federation,0.1995,2.424,82.3
202102,coal,2701,Mongolia,0.1744,1.9328,90.25
202102,coal,2701,Canada,0.0624,0.4177,149.45
202102,coal,2701,USA,0.0405,0.2961,136.9
202102,coal,2701,South Africa,0.0309,0.4924,62.77
202102,coal,2701,Colombia,0.0104,0.1642,63.53
202102,coal,2701,Kazakhstan,0.0003,0.0022,135.05
202102,coal,2701,Lao People's Dem. Rep.,0.0,0.0002,54.09
202102,coal,2701,India,0.0,0.0,65.16
202102,crude_oil,2709,Russian Federation,3.1315,7.3215,427.71
202102,crude_oil,2709,Saudi Arabia,2.9806,7.4508,400.03
202102,crude_oil,2709,Iraq,2.2922,5.7828,396.38
202102,crude_oil,2709,Oman,1.7044,4.1768,408.07
202102,crude_oil,2709,Angola,1.1776,2.7795,423.68
202102,crude_oil,2709,Brazil,1.1758,2.709,434.05
202102,crude_oil,2709,Kuwait,0.9001,2.2356,402.63
202102,crude_oil,2709,United Arab Emirates,0.7506,1.8271,410.79
202102,crude_oil,2709,Norway,0.7427,1.6262,456.71
202102,crude_oil,2709,USA,0.5638,1.4376,392.22
202102,crude_oil,2709,Libya,0.415,0.9647,430.24
202102,crude_oil,2709,Ecuador,0.4044,1.068,378.68
202102,crude_oil,2709,Malaysia,0.362,0.8722,415.07
202102,crude_oil,2709,Colombia,0.2899,0.8064,359.52
202102,crude_oil,2709,Congo,0.2556,0.6068,421.28
202102,crude_oil,2709,Qatar,0.1863,0.4741,392.96
202102,crude_oil,2709,United Kingdom,0.1656,0.3933,421.06
202102,crude_oil,2709,Kazakhstan,0.1408,0.3057,460.69
202102,crude_oil,2709,Equatorial Guinea,0.137,0.3099,441.87
202102,crude_oil,2709,Nigeria,0.1323,0.27,489.74
202102,crude_oil,2709,Gabon,0.112,0.2492,449.59
202102,crude_oil,2709,Indonesia,0.1115,0.2554,436.52
202102,crude_oil,2709,Canada,0.075,0.2353,318.92
202102,crude_oil,2709,Yemen,0.057,0.1369,416.24
202102,crude_oil,2709,Cameroon,0.0556,0.137,405.55
202102,crude_oil,2709,Ghana,0.0551,0.1261,437.02
202102,crude_oil,2709,Viet Nam,0.0469,0.1031,455.51
202102,crude_oil,2709,Australia,0.0418,0.0751,556.91
202102,crude_oil,2709,South Sudan,0.0368,0.0779,472.95
202102,crude_oil,2709,Egypt,0.0259,0.0538,482.27
202102,crude_oil,2709,Mongolia,0.0258,0.065,396.97
202102,crude_oil,2709,Thailand,0.0159,0.0407,391.8
202102,lng,271111,Australia,0.8423,2.1709,388.01
202102,lng,271111,USA,0.3843,0.592,649.1
202102,lng,271111,Qatar,0.3751,1.1029,340.08
202102,lng,271111,Malaysia,0.2316,0.4807,481.72
202102,lng,271111,Russian Federation,0.1152,0.1819,633.2
202102,lng,271111,Angola,0.1148,0.184,623.9
202102,lng,271111,Indonesia,0.1027,0.3107,330.56
202102,lng,271111,Oman,0.077,0.1267,607.49
202102,lng,271111,Papua New Guinea,0.059,0.1568,376.51
202102,lng,271111,Nigeria,0.0474,0.0748,633.09
202102,lng,271111,Netherlands,0.0325,0.0641,507.76
202102,lng,271111,Equatorial Guinea,0.0244,0.0669,365.18
202102,lng,271111,Canada,0.0003,0.0005,475.77
202102,pipeline_gas,271121,Turkmenistan,0.522,1.3587,384.22
202102,pipeline_gas,271121,Myanmar,0.1256,0.327,384.22
202102,pipeline_gas,271121,Russian Federation,0.1086,0.2826,384.22
202102,pipeline_gas,271121,Kazakhstan,0.0939,0.2445,384.22
202102,pipeline_gas,271121,Uzbekistan,0.0114,0.0298,384.22
202103,coal,2701,Indonesia,0.5518,6.9598,79.29
202103,coal,2701,Russian Federation,0.4365,4.4247,98.66
202103,coal,2701,Mongolia,0.2227,2.4664,90.31
202103,coal,2701,Canada,0.2139,1.2392,172.58
202103,coal,2701,USA,0.1102,0.6637,166.02
202103,coal,2701,South Africa,0.0533,0.7304,73.03
202103,coal,2701,Kazakhstan,0.0178,0.1923,92.42
202103,coal,2701,Mozambique,0.0147,0.077,190.45
202103,coal,2701,Colombia,0.0112,0.1684,66.23
202103,coal,2701,Brazil,0.0,0.0,413.26
202103,coal,2701,Philippines,0.0,0.0,4400.0
202103,crude_oil,2709,Russian Federation,3.5273,7.4374,474.27
202103,crude_oil,2709,Saudi Arabia,3.4811,7.8374,444.17
202103,crude_oil,2709,Brazil,1.9223,4.0087,479.52
202103,crude_oil,2709,Oman,1.6106,3.6549,440.67
202103,crude_oil,2709,Iraq,1.5982,3.6208,441.41
202103,crude_oil,2709,Angola,1.4726,3.1214,471.78
202103,crude_oil,2709,United Arab Emirates,1.3768,3.026,454.98
202103,crude_oil,2709,Kuwait,1.1478,2.5439,451.2
202103,crude_oil,2709,United Kingdom,0.8783,1.8396,477.44
202103,crude_oil,2709,Malaysia,0.8535,1.8772,454.68
202103,crude_oil,2709,Norway,0.8453,1.8082,467.49
202103,crude_oil,2709,USA,0.659,1.3569,485.68
202103,crude_oil,2709,Qatar,0.5007,1.0343,484.11
202103,crude_oil,2709,Congo,0.4853,1.0886,445.82
202103,crude_oil,2709,Colombia,0.3033,0.7473,405.88
202103,crude_oil,2709,Canada,0.2555,0.5984,426.92
202103,crude_oil,2709,Nigeria,0.2091,0.4251,491.96
202103,crude_oil,2709,Libya,0.198,0.3863,512.61
202103,crude_oil,2709,Gabon,0.1782,0.3847,463.34
202103,crude_oil,2709,Kazakhstan,0.1462,0.3009,485.96
202103,crude_oil,2709,Ecuador,0.1412,0.323,437.1
202103,crude_oil,2709,Azerbaijan,0.1397,0.2766,505.04
202103,crude_oil,2709,Cameroon,0.1189,0.2633,451.46
202103,crude_oil,2709,Equatorial Guinea,0.1177,0.2673,440.3
202103,crude_oil,2709,Mexico,0.1056,0.2626,402.22
202103,crude_oil,2709,Indonesia,0.0718,0.1571,456.65
202103,crude_oil,2709,Yemen,0.0639,0.1303,490.0
202103,crude_oil,2709,Chad,0.0622,0.132,471.39
202103,crude_oil,2709,Ghana,0.0606,0.1247,485.92
202103,crude_oil,2709,Dem. Rep. of the Congo,0.0598,0.1242,481.56
202103,crude_oil,2709,Côte d'Ivoire,0.0581,0.1311,442.89
202103,crude_oil,2709,Viet Nam,0.0547,0.1067,513.01
202103,crude_oil,2709,South Sudan,0.0369,0.078,473.56
202103,crude_oil,2709,Egypt,0.0282,0.0667,422.22
202103,crude_oil,2709,Mongolia,0.0264,0.0604,437.49
202103,crude_oil,2709,Thailand,0.019,0.0385,495.06
202103,crude_oil,2709,Albania,0.0,0.0,14033.9
202103,lng,271111,Australia,0.9917,2.4836,399.29
202103,lng,271111,Malaysia,0.3239,0.7809,414.77
202103,lng,271111,Qatar,0.2343,0.5956,393.34
202103,lng,271111,USA,0.1492,0.2745,543.48
202103,lng,271111,Indonesia,0.1465,0.3617,405.06
202103,lng,271111,Papua New Guinea,0.1329,0.2303,577.29
202103,lng,271111,Russian Federation,0.1199,0.3197,375.11
202103,lng,271111,Egypt,0.1016,0.2632,385.86
202103,lng,271111,Oman,0.0616,0.1281,481.26
202103,lng,271111,Nigeria,0.0302,0.0716,421.96
202103,lng,271111,Brunei Darussalam,0.0249,0.0649,384.25
202103,pipeline_gas,271121,Turkmenistan,0.4268,1.1109,384.22
202103,pipeline_gas,271121,Myanmar,0.1059,0.2756,384.22
202103,pipeline_gas,271121,Russian Federation,0.0982,0.2555,384.22
202103,pipeline_gas,271121,Kazakhstan,0.0752,0.1956,384.22
202103,pipeline_gas,271121,Uzbekistan,0.0162,0.0422,384.22
202104,coal,2701,Russian Federation,0.4539,4.4449,102.12
202104,coal,2701,Indonesia,0.4421,5.2542,84.14
202104,coal,2701,USA,0.1666,0.9747,170.94
202104,coal,2701,Canada,0.1374,0.6305,217.96
202104,coal,2701,South Africa,0.0822,1.0524,78.09
202104,coal,2701,Mongolia,0.0631,0.8258,76.4
202104,coal,2701,Colombia,0.0409,0.5351,76.42
202104,coal,2701,Mozambique,0.0354,0.1742,203.34
202104,coal,2701,Peru,0.0043,0.0349,122.94
202104,coal,2701,Kazakhstan,0.0023,0.0172,135.06
202104,coal,2701,Lao People's Dem. Rep.,0.0,0.0,100.0
202104,coal,2701,United Rep. of Tanzania,0.0,,
202104,crude_oil,2709,Saudi Arabia,3.0687,6.4694,474.33
202104,crude_oil,2709,Russian Federation,3.0166,6.2987,478.93
202104,crude_oil,2709,Iraq,2.0925,4.4483,470.4
202104,crude_oil,2709,Oman,1.6345,3.5292,463.14
202104,crude_oil,2709,Angola,1.4905,3.1234,477.19
202104,crude_oil,2709,Brazil,1.3699,2.7993,489.38
202104,crude_oil,2709,Kuwait,1.2796,2.6845,476.66
202104,crude_oil,2709,United Arab Emirates,0.8884,1.8579,478.18
202104,crude_oil,2709,Norway,0.7431,1.526,486.94
202104,crude_oil,2709,USA,0.4575,0.9279,493.02
202104,crude_oil,2709,Colombia,0.4188,0.9635,434.67
202104,crude_oil,2709,Malaysia,0.3465,0.761,455.28
202104,crude_oil,2709,Libya,0.2929,0.5602,522.92
202104,crude_oil,2709,Ecuador,0.2554,0.5619,454.49
202104,crude_oil,2709,Congo,0.243,0.5079,478.46
202104,crude_oil,2709,Qatar,0.225,0.4112,547.25
202104,crude_oil,2709,United Kingdom,0.2113,0.4058,520.82
202104,crude_oil,2709,Gabon,0.2022,0.3863,523.28
202104,crude_oil,2709,Ghana,0.1969,0.3867,509.18
202104,crude_oil,2709,Kazakhstan,0.1569,0.3026,518.5
202104,crude_oil,2709,Canada,0.1253,0.2853,439.16
202104,crude_oil,2709,Nigeria,0.0896,0.1684,532.42
202104,crude_oil,2709,South Africa,0.0704,0.1385,508.59
202104,crude_oil,2709,South Sudan,0.0661,0.1301,507.73
202104,crude_oil,2709,Cameroon,0.0632,0.1332,474.35
202104,crude_oil,2709,Guyana,0.0627,0.1322,473.9
202104,crude_oil,2709,Dem. Rep. of the Congo,0.0623,0.1242,501.32
202104,crude_oil,2709,Viet Nam,0.0566,0.1102,513.63
202104,crude_oil,2709,Equatorial Guinea,0.0441,0.0898,491.6
202104,crude_oil,2709,Thailand,0.0392,0.0833,471.03
202104,crude_oil,2709,Mongolia,0.0181,0.0422,428.74
202104,lng,271111,Australia,1.0651,3.019,352.81
202104,lng,271111,Malaysia,0.2923,0.8404,347.84
202104,lng,271111,Qatar,0.2117,0.544,389.18
202104,lng,271111,Indonesia,0.182,0.5179,351.48
202104,lng,271111,Papua New Guinea,0.1372,0.2983,459.8
202104,lng,271111,USA,0.1259,0.3325,378.58
202104,lng,271111,Russian Federation,0.0989,0.2577,383.87
202104,lng,271111,Brunei Darussalam,0.0494,0.1313,376.37
202104,lng,271111,Algeria,0.0479,0.1253,382.37
202104,lng,271111,Nigeria,0.0453,0.131,346.14
202104,lng,271111,Oman,0.0392,0.1275,307.76
202104,lng,271111,Peru,0.0298,0.066,451.49
202104,lng,271111,Egypt,0.0275,0.0622,441.71
202104,lng,271111,Angola,0.0229,0.0625,367.1
202104,lng,271111,Equatorial Guinea,0.0226,0.0688,328.72
202104,lng,271111,United Arab Emirates,0.0207,0.0609,339.78
202104,lng,271111,Thailand,0.0,0.0,605.02
202104,pipeline_gas,271121,Turkmenistan,0.4711,1.226,384.22
202104,pipeline_gas,271121,Myanmar,0.116,0.3019,384.22
202104,pipeline_gas,271121,Russian Federation,0.1085,0.2825,384.22
202104,pipeline_gas,271121,Kazakhstan,0.0918,0.2389,384.22
202104,pipeline_gas,271121,Uzbekistan,0.0216,0.0563,384.22
202104,pipeline_gas,271121,USA,0.0,0.0001,384.22
202105,coal,2701,Russian Federation,0.512,4.9925,102.55
202105,coal,2701,Indonesia,0.4274,5.1399,83.15
202105,coal,2701,USA,0.1372,0.7188,190.83
202105,coal,2701,Canada,0.1134,0.5381,210.81
202105,coal,2701,Mongolia,0.0844,0.9382,90.01
202105,coal,2701,Colombia,0.0649,0.8022,80.87
202105,coal,2701,South Africa,0.0307,0.3659,83.97
202105,coal,2701,Mozambique,0.0049,0.0332,146.91
202105,coal,2701,Kazakhstan,0.0009,0.0061,139.78
202105,coal,2701,Kyrgyzstan,0.0,0.0003,19.0
202105,crude_oil,2709,Saudi Arabia,3.4722,7.193,482.72
202105,crude_oil,2709,Russian Federation,2.5752,5.4372,473.63
202105,crude_oil,2709,Iraq,2.0704,4.4856,461.56
202105,crude_oil,2709,Oman,2.0191,4.1441,487.23
202105,crude_oil,2709,Angola,1.6442,3.266,503.42
202105,crude_oil,2709,Brazil,1.3623,2.7405,497.12
202105,crude_oil,2709,United Arab Emirates,1.182,2.4246,487.49
202105,crude_oil,2709,Kuwait,1.1279,2.3437,481.26
202105,crude_oil,2709,Norway,0.7597,1.5047,504.84
202105,crude_oil,2709,USA,0.5528,1.0741,514.65
202105,crude_oil,2709,Malaysia,0.4785,1.039,460.55
202105,crude_oil,2709,Libya,0.4378,0.8575,510.58
202105,crude_oil,2709,Congo,0.4292,0.9007,476.55
202105,crude_oil,2709,Colombia,0.3306,0.7329,451.04
202105,crude_oil,2709,Qatar,0.2767,0.512,540.47
202105,crude_oil,2709,United Kingdom,0.2708,0.5106,530.33
202105,crude_oil,2709,Kazakhstan,0.158,0.3041,519.54
202105,crude_oil,2709,Yemen,0.14,0.2742,510.48
202105,crude_oil,2709,Canada,0.099,0.2267,436.55
202105,crude_oil,2709,Equatorial Guinea,0.0724,0.1349,536.64
202105,crude_oil,2709,Ghana,0.067,0.126,531.73
202105,crude_oil,2709,Cameroon,0.0648,0.1369,473.29
202105,crude_oil,2709,Guyana,0.0526,0.1019,516.22
202105,crude_oil,2709,South Sudan,0.0417,0.0781,532.96
202105,crude_oil,2709,Ecuador,0.0407,0.0974,418.26
202105,crude_oil,2709,Mongolia,0.0393,0.0947,415.16
202105,crude_oil,2709,Indonesia,0.0344,0.071,484.82
202105,crude_oil,2709,Egypt,0.0298,0.067,445.2
202105,crude_oil,2709,Algeria,0.0239,0.0398,600.49
202105,crude_oil,2709,Viet Nam,0.0215,0.0423,509.15
202105,lng,271111,Australia,1.0791,2.8947,372.79
202105,lng,271111,Malaysia,0.3141,0.8721,360.2
202105,lng,271111,USA,0.2785,0.7128,390.79
202105,lng,271111,Qatar,0.2264,0.5436,416.52
202105,lng,271111,Indonesia,0.2098,0.5561,377.31
202105,lng,271111,Papua New Guinea,0.1483,0.3002,493.97
202105,lng,271111,Russian Federation,0.0934,0.2569,363.37
202105,lng,271111,Oman,0.0851,0.2006,424.48
202105,lng,271111,Nigeria,0.046,0.136,338.03
202105,lng,271111,Trinidad and Tobago,0.0322,0.0687,468.62
202105,lng,271111,Peru,0.0312,0.0693,450.39
202105,lng,271111,Angola,0.0285,0.0649,439.12
202105,lng,271111,Algeria,0.0254,0.0588,432.0
202105,lng,271111,Egypt,0.0235,0.0565,416.14
202105,lng,271111,Brunei Darussalam,0.0221,0.06,367.67
202105,pipeline_gas,271121,Turkmenistan,0.5574,1.4508,384.22
202105,pipeline_gas,271121,Kazakhstan,0.1104,0.2874,384.22
202105,pipeline_gas,271121,Myanmar,0.1101,0.2865,384.22
202105,pipeline_gas,271121,Russian Federation,0.0722,0.1878,384.22
202105,pipeline_gas,271121,Uzbekistan,0.041,0.1066,384.22
202106,coal,2701,Indonesia,0.6787,7.296,93.03
202106,coal,2701,Russian Federation,0.5406,4.9513,109.19
202106,coal,2701,Canada,0.2216,1.1454,193.47
202106,coal,2701,USA,0.1957,0.9381,208.61
202106,coal,2701,Mongolia,0.0888,0.9625,92.3
202106,coal,2701,South Africa,0.0729,0.7967,91.45
202106,coal,2701,Colombia,0.0617,0.8374,73.65
202106,coal,2701,Mozambique,0.0233,0.1152,202.51
202106,coal,2701,Kazakhstan,0.0152,0.1651,91.9
202106,coal,2701,Malaysia,0.0,0.0,9985.92
202106,crude_oil,2709,Saudi Arabia,3.606,7.1987,500.92
202106,crude_oil,2709,Russian Federation,3.3326,6.654,500.84
202106,crude_oil,2709,Oman,1.9231,3.8336,501.64
202106,crude_oil,2709,Angola,1.8665,3.6807,507.11
202106,crude_oil,2709,Iraq,1.6889,3.484,484.77
202106,crude_oil,2709,Kuwait,1.1911,2.4004,496.2
202106,crude_oil,2709,Brazil,1.1832,2.3517,503.11
202106,crude_oil,2709,United Arab Emirates,0.8739,1.734,503.95
202106,crude_oil,2709,USA,0.7211,1.4231,506.72
202106,crude_oil,2709,Malaysia,0.5885,1.1692,503.34
202106,crude_oil,2709,Qatar,0.4679,0.8438,554.48
202106,crude_oil,2709,Norway,0.4545,0.8301,547.54
202106,crude_oil,2709,Congo,0.3986,0.78,510.98
202106,crude_oil,2709,Colombia,0.3772,0.8132,463.82
202106,crude_oil,2709,United Kingdom,0.348,0.6468,537.93
202106,crude_oil,2709,Kazakhstan,0.3452,0.6647,519.35
202106,crude_oil,2709,Canada,0.1901,0.4303,441.88
202106,crude_oil,2709,Gabon,0.1285,0.2572,499.47
202106,crude_oil,2709,Ecuador,0.1277,0.2917,437.63
202106,crude_oil,2709,Libya,0.0959,0.1835,522.44
202106,crude_oil,2709,Dem. Rep. of the Congo,0.0642,0.1216,527.88
202106,crude_oil,2709,Thailand,0.0456,0.0841,542.09
202106,crude_oil,2709,South Sudan,0.0442,0.0779,568.15
202106,crude_oil,2709,Mongolia,0.0274,0.0568,481.88
202106,crude_oil,2709,Viet Nam,0.0215,0.0404,532.51
202106,crude_oil,2709,Albania,0.0,0.0,18000.0
202106,lng,271111,Australia,1.0334,2.392,432.0
202106,lng,271111,USA,0.4812,1.0127,475.2
202106,lng,271111,Malaysia,0.3792,0.9307,407.39
202106,lng,271111,Qatar,0.2411,0.4715,511.41
202106,lng,271111,Indonesia,0.1759,0.4044,434.93
202106,lng,271111,Russian Federation,0.1337,0.3199,417.81
202106,lng,271111,Papua New Guinea,0.1172,0.2353,498.0
202106,lng,271111,Oman,0.1126,0.2539,443.44
202106,lng,271111,United Arab Emirates,0.051,0.1171,435.92
202106,lng,271111,Nigeria,0.0425,0.0726,585.16
202106,lng,271111,Equatorial Guinea,0.0343,0.0642,534.68
202106,lng,271111,Singapore,0.0329,0.059,558.62
202106,lng,271111,Belgium,0.0323,0.0682,473.65
202106,lng,271111,Egypt,0.0316,0.0589,536.34
202106,lng,271111,Angola,0.02,0.055,362.89
202106,pipeline_gas,271121,Turkmenistan,0.5319,1.3844,384.22
202106,pipeline_gas,271121,Kazakhstan,0.1089,0.2833,384.22
202106,pipeline_gas,271121,Myanmar,0.1076,0.2801,384.22
202106,pipeline_gas,271121,Russian Federation,0.0974,0.2536,384.22
202106,pipeline_gas,271121,Uzbekistan,0.0791,0.2058,384.22
202107,coal,2701,Indonesia,0.9062,8.9362,101.41
202107,coal,2701,Russian Federation,0.6708,5.9081,113.54
202107,coal,2701,Canada,0.2399,1.2528,191.49
202107,coal,2701,USA,0.1169,0.6251,186.95
202107,coal,2701,Mongolia,0.0544,0.6262,86.91
202107,coal,2701,South Africa,0.0436,0.4668,93.33
202107,coal,2701,Colombia,0.0355,0.2775,127.78
202107,coal,2701,Mozambique,0.024,0.1059,227.11
202107,coal,2701,New Zealand,0.0055,0.0451,121.88
202107,coal,2701,Peru,0.0041,0.0333,123.79
202107,coal,2701,Kazakhstan,0.0021,0.0146,141.49
202107,crude_oil,2709,Saudi Arabia,3.533,6.6682,529.82
202107,crude_oil,2709,Russian Federation,3.5239,6.6383,530.85
202107,crude_oil,2709,Iraq,2.4116,4.6714,516.26
202107,crude_oil,2709,Kuwait,2.2212,4.162,533.69
202107,crude_oil,2709,Oman,1.9504,3.6734,530.95
202107,crude_oil,2709,Angola,1.565,2.9184,536.26
202107,crude_oil,2709,Brazil,1.2987,2.4376,532.79
202107,crude_oil,2709,United Arab Emirates,1.0261,1.9156,535.69
202107,crude_oil,2709,Malaysia,0.5871,1.1795,497.78
202107,crude_oil,2709,USA,0.4561,0.7843,581.63
202107,crude_oil,2709,Norway,0.4022,0.6918,581.33
202107,crude_oil,2709,United Kingdom,0.3666,0.6558,559.04
202107,crude_oil,2709,Qatar,0.3588,0.632,567.68
202107,crude_oil,2709,Ecuador,0.3055,0.6078,502.65
202107,crude_oil,2709,Kazakhstan,0.2756,0.4892,563.24
202107,crude_oil,2709,Colombia,0.259,0.5375,481.84
202107,crude_oil,2709,Nigeria,0.249,0.4605,540.75
202107,crude_oil,2709,Ghana,0.2082,0.3835,542.83
202107,crude_oil,2709,Gabon,0.1472,0.258,570.53
202107,crude_oil,2709,Equatorial Guinea,0.1442,0.2483,580.77
202107,crude_oil,2709,Libya,0.1426,0.2605,547.35
202107,crude_oil,2709,Canada,0.0985,0.2114,466.05
202107,crude_oil,2709,Indonesia,0.0888,0.1546,574.26
202107,crude_oil,2709,Yemen,0.0747,0.1323,565.0
202107,crude_oil,2709,Dem. Rep. of the Congo,0.0681,0.1246,546.79
202107,crude_oil,2709,Congo,0.0675,0.1301,519.06
202107,crude_oil,2709,Viet Nam,0.0406,0.0701,579.03
202107,crude_oil,2709,Egypt,0.0334,0.0594,562.28
202107,crude_oil,2709,Mongolia,0.033,0.0663,498.06
202107,crude_oil,2709,Guyana,0.0102,0.0198,516.22
202107,crude_oil,2709,Niger,0.0,0.0,50000.0
202107,lng,271111,Australia,0.975,2.0552,474.38
202107,lng,271111,Qatar,0.4674,0.8546,546.95
202107,lng,271111,USA,0.384,0.7221,531.75
202107,lng,271111,Russian Federation,0.1808,0.3411,530.0
202107,lng,271111,Malaysia,0.1698,0.4216,402.68
202107,lng,271111,Nigeria,0.1485,0.2609,569.26
202107,lng,271111,Indonesia,0.1365,0.309,441.72
202107,lng,271111,Papua New Guinea,0.1171,0.2214,529.1
202107,lng,271111,Egypt,0.0709,0.1275,556.14
202107,lng,271111,Brunei Darussalam,0.0499,0.0901,553.85
202107,lng,271111,Oman,0.04,0.0743,538.16
202107,lng,271111,Equatorial Guinea,0.0332,0.0612,542.4
202107,lng,271111,United Arab Emirates,0.0332,0.0583,569.59
202107,pipeline_gas,271121,Turkmenistan,0.5791,1.5073,384.22
202107,pipeline_gas,271121,Russian Federation,0.1254,0.3264,384.22
202107,pipeline_gas,271121,Myanmar,0.0962,0.2504,384.22
202107,pipeline_gas,271121,Kazakhstan,0.082,0.2135,384.22
202107,pipeline_gas,271121,Uzbekistan,0.069,0.1795,384.22
202108,coal,2701,Indonesia,0.8726,8.1025,107.7
202108,coal,2701,Russian Federation,0.678,5.1217,132.39
202108,coal,2701,USA,0.3103,1.2134,255.7
202108,coal,2701,Canada,0.2042,0.8158,250.35
202108,coal,2701,Mongolia,0.1445,1.2252,117.97
202108,coal,2701,Colombia,0.0686,0.5836,117.6
202108,coal,2701,South Africa,0.048,0.475,101.05
202108,coal,2701,Mozambique,0.0256,0.1149,222.81
202108,coal,2701,Kazakhstan,0.0,0.0001,88.0
202108,coal,2701,Venezuela,0.0,,
202108,crude_oil,2709,Saudi Arabia,4.3762,8.0564,543.19
202108,crude_oil,2709,Russian Federation,3.5451,6.529,542.98
202108,crude_oil,2709,Iraq,3.1065,5.8384,532.08
202108,crude_oil,2709,Brazil,1.9083,3.5501,537.55
202108,crude_oil,2709,Angola,1.7817,3.2807,543.08
202108,crude_oil,2709,Oman,1.7672,3.2879,537.49
202108,crude_oil,2709,United Arab Emirates,1.4078,2.5809,545.47
202108,crude_oil,2709,Kuwait,1.352,2.5138,537.84
202108,crude_oil,2709,Malaysia,0.8387,1.7465,480.24
202108,crude_oil,2709,USA,0.5589,0.9626,580.59
202108,crude_oil,2709,Congo,0.4734,0.9106,519.92
202108,crude_oil,2709,Norway,0.4087,0.6909,591.57
202108,crude_oil,2709,Qatar,0.3711,0.6454,575.03
202108,crude_oil,2709,Colombia,0.3537,0.683,517.84
202108,crude_oil,2709,Kazakhstan,0.2648,0.4509,587.36
202108,crude_oil,2709,Libya,0.232,0.405,572.7
202108,crude_oil,2709,Canada,0.1511,0.3003,503.34
202108,crude_oil,2709,Equatorial Guinea,0.1435,0.2507,572.3
202108,crude_oil,2709,Ghana,0.139,0.2505,555.06
202108,crude_oil,2709,Ecuador,0.1033,0.1999,516.76
202108,crude_oil,2709,Viet Nam,0.0791,0.1342,589.41
202108,crude_oil,2709,Chad,0.0789,0.1386,569.16
202108,crude_oil,2709,Cameroon,0.0759,0.1405,540.5
202108,crude_oil,2709,South Sudan,0.0737,0.1298,567.33
202108,crude_oil,2709,Dem. Rep. of the Congo,0.0706,0.1242,568.39
202108,crude_oil,2709,Nigeria,0.0698,0.1328,525.62
202108,crude_oil,2709,Gabon,0.0689,0.1279,538.24
202108,crude_oil,2709,Mexico,0.0663,0.1314,504.07
202108,crude_oil,2709,Indonesia,0.0466,0.1019,457.67
202108,crude_oil,2709,Thailand,0.0462,0.0832,554.98
202108,crude_oil,2709,Egypt,0.0324,0.0557,581.09
202108,crude_oil,2709,Mongolia,0.0244,0.0522,466.71
202108,crude_oil,2709,Australia,0.0237,0.0377,628.46
202108,lng,271111,Australia,1.4831,2.748,539.7
202108,lng,271111,USA,0.5154,0.8298,621.09
202108,lng,271111,Qatar,0.3671,0.6855,535.43
202108,lng,271111,Malaysia,0.3466,0.7503,461.92
202108,lng,271111,Russian Federation,0.2804,0.4908,571.34
202108,lng,271111,Indonesia,0.1408,0.2774,507.62
202108,lng,271111,Nigeria,0.1224,0.2029,602.87
202108,lng,271111,Papua New Guinea,0.1213,0.2196,552.25
202108,lng,271111,United Arab Emirates,0.0705,0.1172,601.55
202108,lng,271111,Cameroon,0.0416,0.0611,681.22
202108,lng,271111,France,0.0329,0.0673,489.41
202108,lng,271111,Equatorial Guinea,0.0294,0.059,498.47
202108,lng,271111,Brunei Darussalam,0.0225,0.0278,808.89
202108,lng,271111,Rep. of Korea,0.0133,0.0181,731.79
202108,lng,271111,Angola,0.0056,0.0073,761.94
202108,pipeline_gas,271121,Turkmenistan,0.6592,1.7156,384.22
202108,pipeline_gas,271121,Russian Federation,0.1517,0.3948,384.22
202108,pipeline_gas,271121,Myanmar,0.1213,0.3157,384.22
202108,pipeline_gas,271121,Uzbekistan,0.1101,0.2867,384.22
202108,pipeline_gas,271121,Kazakhstan,0.0589,0.1534,384.22
202109,coal,2701,Indonesia,1.165,10.0645,115.75
202109,coal,2701,Russian Federation,0.7648,5.4878,139.36
202109,coal,2701,USA,0.4054,1.463,277.12
202109,coal,2701,Canada,0.2942,1.0045,292.86
202109,coal,2701,Mongolia,0.1372,0.8075,169.94
202109,coal,2701,South Africa,0.0818,0.7344,111.37
202109,coal,2701,Colombia,0.0472,0.3996,118.08
202109,coal,2701,Mozambique,0.0217,0.088,247.03
202109,coal,2701,New Zealand,0.0085,0.0654,129.79
202109,coal,2701,Kazakhstan,0.0006,0.0042,143.88
202109,coal,2701,Viet Nam,0.0004,0.0033,126.1
202109,coal,2701,"Other Asia, nes",0.0,0.0,23000.0
202109,coal,2701,India,0.0,0.0,111.19
202109,crude_oil,2709,Saudi Arabia,4.3079,7.9565,541.43
202109,crude_oil,2709,Russian Federation,3.1917,6.1398,519.84
202109,crude_oil,2709,Iraq,2.299,4.3998,522.52
202109,crude_oil,2709,Oman,2.2365,4.1667,536.75
202109,crude_oil,2709,Angola,1.6868,3.1363,537.83
202109,crude_oil,2709,United Arab Emirates,1.6019,2.9384,545.18
202109,crude_oil,2709,Kuwait,1.2969,2.3799,544.93
202109,crude_oil,2709,Malaysia,0.8843,1.7811,496.5
202109,crude_oil,2709,Brazil,0.8537,1.6075,531.09
202109,crude_oil,2709,Congo,0.4058,0.7447,544.9
202109,crude_oil,2709,Colombia,0.3834,0.7968,481.15
202109,crude_oil,2709,Qatar,0.3816,0.6668,572.37
202109,crude_oil,2709,USA,0.3676,0.6742,545.2
202109,crude_oil,2709,Norway,0.3562,0.6776,525.64
202109,crude_oil,2709,United Kingdom,0.3396,0.5985,567.44
202109,crude_oil,2709,Libya,0.27,0.4829,559.03
202109,crude_oil,2709,Canada,0.2376,0.4459,532.8
202109,crude_oil,2709,Kazakhstan,0.193,0.3425,563.56
202109,crude_oil,2709,Gabon,0.1428,0.2579,553.67
202109,crude_oil,2709,Ecuador,0.076,0.1558,487.92
202109,crude_oil,2709,Cameroon,0.0656,0.1274,515.02
202109,crude_oil,2709,Dem. Rep. of the Congo,0.064,0.1195,535.39
202109,crude_oil,2709,Nigeria,0.0341,0.052,654.49
202109,crude_oil,2709,Australia,0.034,0.0526,647.49
202109,crude_oil,2709,Egypt,0.0319,0.0579,551.3
202109,crude_oil,2709,Thailand,0.0246,0.0391,628.79
202109,crude_oil,2709,Indonesia,0.0235,0.0432,544.23
202109,crude_oil,2709,Bolivia (Plurinational State of),0.0179,0.0314,570.4
202109,crude_oil,2709,Guyana,0.0111,0.0215,516.22
202109,crude_oil,2709,Mongolia,0.0059,0.0122,481.15
202109,lng,271111,Australia,1.53,2.7461,557.16
202109,lng,271111,USA,0.5992,0.8996,666.09
202109,lng,271111,Russian Federation,0.4071,0.6173,659.56
202109,lng,271111,Malaysia,0.396,0.6767,585.17
202109,lng,271111,Qatar,0.3502,0.5919,591.62
202109,lng,271111,Papua New Guinea,0.1832,0.3054,599.96
202109,lng,271111,Indonesia,0.1612,0.3028,532.42
202109,lng,271111,Cameroon,0.1193,0.1464,815.27
202109,lng,271111,Nigeria,0.0605,0.0584,1036.68
202109,lng,271111,Angola,0.06,0.0669,896.98
202109,lng,271111,Spain,0.0523,0.0642,814.74
202109,lng,271111,Egypt,0.0421,0.0706,596.1
202109,lng,271111,Trinidad and Tobago,0.0351,0.0627,560.48
202109,lng,271111,United Arab Emirates,0.0293,0.059,496.75
202109,pipeline_gas,271121,Turkmenistan,0.6515,1.6955,384.22
202109,pipeline_gas,271121,Russian Federation,0.1522,0.3962,384.22
202109,pipeline_gas,271121,Myanmar,0.1244,0.3237,384.22
202109,pipeline_gas,271121,Uzbekistan,0.1181,0.3074,384.22
202109,pipeline_gas,271121,Kazakhstan,0.0811,0.2112,384.22
202110,coal,2701,Indonesia,1.0227,7.7628,131.74
202110,coal,2701,Russian Federation,0.7772,4.7313,164.26
202110,coal,2701,Mongolia,0.3473,1.3056,265.97
202110,coal,2701,USA,0.264,0.8358,315.82
202110,coal,2701,Australia,0.1999,2.7882,71.71
202110,coal,2701,Canada,0.1659,0.4517,367.3
202110,coal,2701,Mozambique,0.0381,0.0797,477.84
202110,coal,2701,Colombia,0.0267,0.1171,228.11
202110,coal,2701,South Africa,0.0157,0.153,102.64
202110,coal,2701,Kazakhstan,0.0001,0.001,88.0
202110,coal,2701,Lao People's Dem. Rep.,0.0,0.0001,111.31
202110,coal,2701,Zambia,0.0,0.0,15000.0
202110,crude_oil,2709,Saudi Arabia,3.9834,7.0931,561.59
202110,crude_oil,2709,Russian Federation,3.7575,6.6411,565.79
202110,crude_oil,2709,Iraq,2.4738,4.6104,536.57
202110,crude_oil,2709,Oman,1.9297,3.4292,562.72
202110,crude_oil,2709,Angola,1.6565,3.037,545.43
202110,crude_oil,2709,Kuwait,1.3532,2.3943,565.17
202110,crude_oil,2709,United Arab Emirates,1.1786,2.025,582.01
202110,crude_oil,2709,Malaysia,0.9167,1.768,518.48
202110,crude_oil,2709,Brazil,0.8476,1.5198,557.73
202110,crude_oil,2709,Congo,0.5023,0.932,538.93
202110,crude_oil,2709,Qatar,0.3336,0.5331,625.82
202110,crude_oil,2709,United Kingdom,0.3164,0.5624,562.55
202110,crude_oil,2709,Colombia,0.2773,0.5576,497.25
202110,crude_oil,2709,Libya,0.2591,0.4152,624.06
202110,crude_oil,2709,Norway,0.237,0.4097,578.45
202110,crude_oil,2709,Kazakhstan,0.1841,0.316,582.69
202110,crude_oil,2709,Canada,0.1631,0.2914,559.7
202110,crude_oil,2709,Equatorial Guinea,0.1273,0.2019,630.25
202110,crude_oil,2709,Ecuador,0.1042,0.2105,494.83
202110,crude_oil,2709,USA,0.0901,0.133,677.96
202110,crude_oil,2709,Nigeria,0.0858,0.133,645.54
202110,crude_oil,2709,Gabon,0.076,0.1235,615.42
202110,crude_oil,2709,Ghana,0.0757,0.126,601.0
202110,crude_oil,2709,Cameroon,0.0712,0.1337,532.65
202110,crude_oil,2709,Timor-Leste,0.0522,0.0785,664.89
202110,crude_oil,2709,Thailand,0.0239,0.0398,598.82
202110,crude_oil,2709,Viet Nam,0.0236,0.038,619.73
202110,crude_oil,2709,Mongolia,0.021,0.0385,545.19
202110,lng,271111,Australia,1.4446,2.4546,588.51
202110,lng,271111,USA,0.5775,0.7261,795.36
202110,lng,271111,Russian Federation,0.4218,0.4872,865.67
202110,lng,271111,Indonesia,0.3639,0.5271,690.39
202110,lng,271111,Malaysia,0.3152,0.5254,599.96
202110,lng,271111,Qatar,0.2742,0.4121,665.34
202110,lng,271111,Papua New Guinea,0.1765,0.287,615.06
202110,lng,271111,Oman,0.1424,0.194,733.86
202110,lng,271111,Brunei Darussalam,0.0933,0.1891,493.44
202110,lng,271111,Nigeria,0.0669,0.0677,987.26
202110,lng,271111,Equatorial Guinea,0.0618,0.0625,989.48
202110,lng,271111,Trinidad and Tobago,0.0608,0.0602,1009.65
202110,lng,271111,Cameroon,0.0307,0.0602,509.86
202110,lng,271111,United Arab Emirates,0.0296,0.0595,497.98
202110,pipeline_gas,271121,Turkmenistan,0.5317,1.3838,384.22
202110,pipeline_gas,271121,Uzbekistan,0.1194,0.3107,384.22
202110,pipeline_gas,271121,Myanmar,0.1189,0.3094,384.22
202110,pipeline_gas,271121,Russian Federation,0.1138,0.2961,384.22
202110,pipeline_gas,271121,Kazakhstan,0.0601,0.1565,384.22
202111,coal,2701,Indonesia,1.5516,8.8709,174.91
202111,coal,2701,Russian Federation,1.0834,4.835,224.08
202111,coal,2701,USA,0.5468,1.4451,378.41
202111,coal,2701,Canada,0.4905,1.1026,444.85
202111,coal,2701,Australia,0.4567,5.2477,87.02
202111,coal,2701,Mongolia,0.3431,1.5458,221.97
202111,coal,2701,South Africa,0.0703,0.4582,153.53
202111,coal,2701,Mozambique,0.0262,0.0714,367.07
202111,coal,2701,New Zealand,0.0144,0.0441,326.2
202111,coal,2701,Peru,0.0062,0.0381,161.97
202111,coal,2701,Iran,0.0029,0.0372,79.12
202111,coal,2701,Brazil,0.0,,
202111,coal,2701,"Other Asia, nes",0.0,0.0,29600.0
202111,coal,2701,Nigeria,0.0,0.0,30000.0
202111,coal,2701,Senegal,0.0,0.0,4450.0
202111,coal,2701,India,0.0,0.0,164.46
202111,coal,2701,Thailand,0.0,0.0,43500.0
202111,crude_oil,2709,Saudi Arabia,4.4158,7.4051,596.32
202111,crude_oil,2709,Russian Federation,4.1021,6.7013,612.14
202111,crude_oil,2709,United Arab Emirates,2.5824,4.4718,577.48
202111,crude_oil,2709,Oman,2.2009,3.6608,601.2
202111,crude_oil,2709,Iraq,1.9853,3.4428,576.65
202111,crude_oil,2709,Angola,1.6799,2.8112,597.57
202111,crude_oil,2709,Kuwait,1.5814,2.5964,609.08
202111,crude_oil,2709,Brazil,1.3506,2.2679,595.54
202111,crude_oil,2709,Malaysia,0.9236,1.6949,544.92
202111,crude_oil,2709,United Kingdom,0.5918,1.0135,583.94
202111,crude_oil,2709,Norway,0.5407,0.8145,663.78
202111,crude_oil,2709,Congo,0.4671,0.7753,602.39
202111,crude_oil,2709,Qatar,0.4405,0.6864,641.72
202111,crude_oil,2709,Colombia,0.3656,0.6927,527.72
202111,crude_oil,2709,Libya,0.3534,0.5479,644.97
202111,crude_oil,2709,Kazakhstan,0.2361,0.3865,610.82
202111,crude_oil,2709,Ecuador,0.2009,0.3542,567.19
202111,crude_oil,2709,Gabon,0.1772,0.2973,596.18
202111,crude_oil,2709,Australia,0.172,0.2457,700.14
202111,crude_oil,2709,Canada,0.1246,0.2215,562.52
202111,crude_oil,2709,Nigeria,0.1204,0.1762,683.48
202111,crude_oil,2709,Cameroon,0.081,0.1341,604.17
202111,crude_oil,2709,Dem. Rep. of the Congo,0.0767,0.1244,616.39
202111,crude_oil,2709,USA,0.0747,0.1412,529.1
202111,crude_oil,2709,Viet Nam,0.0259,0.0381,680.45
202111,crude_oil,2709,Mongolia,0.0255,0.0464,549.17
202111,crude_oil,2709,Ghana,0.0193,0.0428,452.27
202111,lng,271111,Australia,2.5189,2.7917,902.29
202111,lng,271111,USA,1.2684,0.989,1282.5
202111,lng,271111,Indonesia,0.5969,0.5727,1042.29
202111,lng,271111,Qatar,0.5565,0.7917,702.91
202111,lng,271111,Russian Federation,0.3893,0.4195,927.98
202111,lng,271111,Malaysia,0.2774,0.4395,631.22
202111,lng,271111,Papua New Guinea,0.2249,0.3122,720.53
202111,lng,271111,United Arab Emirates,0.1572,0.1175,1337.65
202111,lng,271111,Egypt,0.1018,0.182,559.21
202111,lng,271111,Cameroon,0.074,0.0428,1728.35
202111,lng,271111,Trinidad and Tobago,0.0412,0.0661,623.63
202111,lng,271111,Nigeria,0.0319,0.0573,556.86
202111,lng,271111,Equatorial Guinea,0.0058,0.0103,566.62
202111,pipeline_gas,271121,Turkmenistan,0.7124,1.8541,384.22
202111,pipeline_gas,271121,Russian Federation,0.1748,0.4551,384.22
202111,pipeline_gas,271121,Uzbekistan,0.1365,0.3552,384.22
202111,pipeline_gas,271121,Myanmar,0.1252,0.3259,384.22
202111,pipeline_gas,271121,Kazakhstan,0.0812,0.2113,384.22
202112,coal,2701,Indonesia,1.3066,7.1648,182.37
202112,coal,2701,Russian Federation,0.7425,4.0802,181.98
202112,coal,2701,Canada,0.7013,1.4605,480.22
202112,coal,2701,Australia,0.4151,3.6761,112.91
202112,coal,2701,USA,0.4147,1.1321,366.29
202112,coal,2701,South Africa,0.2218,1.1461,193.52
202112,coal,2701,Mongolia,0.1449,0.948,152.83
202112,coal,2701,Colombia,0.0977,0.317,308.11
202112,coal,2701,Peru,0.0168,0.0671,250.16
202112,coal,2701,Kazakhstan,0.0165,0.139,118.49
202112,coal,2701,Mozambique,0.013,0.0321,405.97
202112,coal,2701,United Arab Emirates,0.0124,0.0433,286.32
202112,coal,2701,Cambodia,0.0,,
202112,coal,2701,Iran,0.0,0.0,126.87
202112,coal,2701,United Kingdom,0.0,0.0,2049.5
202112,crude_oil,2709,Russian Federation,4.2922,7.2354,593.22
202112,crude_oil,2709,Saudi Arabia,3.9189,6.6234,591.67
202112,crude_oil,2709,Iraq,2.9098,5.012,580.57
202112,crude_oil,2709,Angola,2.4,4.0356,594.71
202112,crude_oil,2709,United Arab Emirates,2.2258,3.7235,597.77
202112,crude_oil,2709,Oman,2.1547,3.6207,595.09
202112,crude_oil,2709,Malaysia,1.5021,3.0445,493.4
202112,crude_oil,2709,Brazil,1.3295,2.1334,623.18
202112,crude_oil,2709,Kuwait,1.1492,1.9343,594.1
202112,crude_oil,2709,Norway,0.7753,1.2695,610.73
202112,crude_oil,2709,Colombia,0.6956,1.3007,534.8
202112,crude_oil,2709,Qatar,0.4524,0.7597,595.45
202112,crude_oil,2709,United Kingdom,0.4335,0.6556,661.29
202112,crude_oil,2709,USA,0.3608,0.5736,629.09
202112,crude_oil,2709,Libya,0.3505,0.5506,636.62
202112,crude_oil,2709,Congo,0.2264,0.384,589.42
202112,crude_oil,2709,Canada,0.2222,0.4296,517.25
202112,crude_oil,2709,Kazakhstan,0.2105,0.3335,631.26
202112,crude_oil,2709,Guyana,0.1592,0.2764,575.87
202112,crude_oil,2709,Gabon,0.1582,0.256,617.91
202112,crude_oil,2709,Ghana,0.1577,0.2515,626.86
202112,crude_oil,2709,Cameroon,0.1556,0.2631,591.53
202112,crude_oil,2709,Iran,0.1478,0.2603,567.77
202112,crude_oil,2709,Ecuador,0.1394,0.2526,551.99
202112,crude_oil,2709,Nigeria,0.1059,0.1832,578.34
202112,crude_oil,2709,Yemen,0.0871,0.1329,655.35
202112,crude_oil,2709,Côte d'Ivoire,0.0848,0.1458,581.4
202112,crude_oil,2709,Equatorial Guinea,0.0822,0.1351,608.34
202112,crude_oil,2709,Indonesia,0.0591,0.102,579.52
202112,crude_oil,2709,Timor-Leste,0.0587,0.0779,753.93
202112,crude_oil,2709,Australia,0.0509,0.0757,672.17
202112,crude_oil,2709,Viet Nam,0.0247,0.039,633.43
202112,crude_oil,2709,Thailand,0.0246,0.0411,599.42
202112,crude_oil,2709,Mongolia,0.0054,0.0098,549.34
202112,lng,271111,Australia,2.3468,2.6229,894.71
202112,lng,271111,Qatar,1.1018,1.1777,935.54
202112,lng,271111,USA,1.0815,0.9751,1109.11
202112,lng,271111,Malaysia,0.7441,0.7672,969.82
202112,lng,271111,Indonesia,0.3442,0.3805,904.63
202112,lng,271111,Russian Federation,0.3184,0.3343,952.39
202112,lng,271111,Cameroon,0.285,0.1637,1741.1
202112,lng,271111,United Arab Emirates,0.2043,0.1185,1723.38
202112,lng,271111,Nigeria,0.1977,0.1205,1640.73
202112,lng,271111,Oman,0.1685,0.123,1369.64
202112,lng,271111,Papua New Guinea,0.1392,0.2244,620.16
202112,lng,271111,Trinidad and Tobago,0.1291,0.1164,1109.2
202112,lng,271111,Egypt,0.1287,0.1238,1039.06
202112,lng,271111,Singapore,0.1193,0.0792,1506.81
202112,lng,271111,Angola,0.0514,0.1206,426.01
202112,lng,271111,Equatorial Guinea,0.0391,0.0679,576.43
202112,lng,271111,Algeria,0.0324,0.0597,542.3
202112,lng,271111,Netherlands,0.0019,0.0043,448.42
202112,pipeline_gas,271121,Turkmenistan,0.6922,1.8016,384.22
202112,pipeline_gas,271121,Russian Federation,0.2325,0.605,384.22
202112,pipeline_gas,271121,Kazakhstan,0.1868,0.4861,384.22
202112,pipeline_gas,271121,Myanmar,0.1208,0.3145,384.22
202112,pipeline_gas,271121,Uzbekistan,0.0612,0.1594,384.22
202201,coal,2701,Indonesia,0.9024,5.6049,161.0
202201,coal,2701,USA,0.6959,1.5128,459.97
202201,coal,2701,Russian Federation,0.6741,3.6545,184.47
202201,coal,2701,Canada,0.3852,0.9951,387.09
202201,coal,2701,Australia,0.257,2.174,118.22
202201,coal,2701,South Africa,0.2468,1.0742,229.75
202201,coal,2701,Mongolia,0.1204,0.7449,161.69
202201,coal,2701,Colombia,0.0523,0.1876,278.73
202201,coal,2701,Mozambique,0.0154,0.0361,426.23
202201,coal,2701,New Zealand,0.0124,0.0656,189.88
202201,coal,2701,Peru,0.0077,0.0374,207.04
202201,coal,2701,Kazakhstan,0.0006,0.0026,217.5
202201,coal,2701,Iran,0.0003,0.0014,200.6
202201,coal,2701,Lao People's Dem. Rep.,0.0001,0.0006,106.59
202201,crude_oil,2709,Saudi Arabia,4.6692,7.9591,586.65
202201,crude_oil,2709,Russian Federation,4.2382,7.2564,584.06
202201,crude_oil,2709,Iraq,3.8783,6.9099,561.27
202201,crude_oil,2709,Oman,3.0668,5.2019,589.56
202201,crude_oil,2709,United Arab Emirates,1.9914,3.2308,616.39
202201,crude_oil,2709,Kuwait,1.8467,3.201,576.91
202201,crude_oil,2709,Brazil,1.6793,2.7006,621.84
202201,crude_oil,2709,Angola,1.6623,2.7935,595.07
202201,crude_oil,2709,USA,0.8834,1.4519,608.45
202201,crude_oil,2709,Malaysia,0.7213,1.298,555.74
202201,crude_oil,2709,Congo,0.6604,1.1867,556.48
202201,crude_oil,2709,Norway,0.6485,0.9583,676.68
202201,crude_oil,2709,Libya,0.4454,0.7156,622.41
202201,crude_oil,2709,United Kingdom,0.3307,0.5071,652.16
202201,crude_oil,2709,Qatar,0.3136,0.5003,626.84
202201,crude_oil,2709,Colombia,0.2272,0.4162,545.87
202201,crude_oil,2709,Gabon,0.2249,0.3955,568.81
202201,crude_oil,2709,Ghana,0.1591,0.2547,624.46
202201,crude_oil,2709,Iran,0.1358,0.2599,522.56
202201,crude_oil,2709,Ecuador,0.1238,0.2548,485.78
202201,crude_oil,2709,Canada,0.1199,0.143,838.15
202201,crude_oil,2709,Australia,0.112,0.1503,744.97
202201,crude_oil,2709,Equatorial Guinea,0.1062,0.1565,678.43
202201,crude_oil,2709,South Sudan,0.0994,0.1498,663.49
202201,crude_oil,2709,Chad,0.0741,0.137,540.72
202201,crude_oil,2709,Cameroon,0.0729,0.1335,546.17
202201,crude_oil,2709,Nigeria,0.0715,0.1151,621.34
202201,crude_oil,2709,Dem. Rep. of the Congo,0.0707,0.1242,569.04
202201,crude_oil,2709,Egypt,0.0529,0.0878,602.22
202201,crude_oil,2709,Kazakhstan,0.0329,0.0652,504.26
202201,crude_oil,2709,Indonesia,0.0325,0.0363,897.01
202201,crude_oil,2709,Thailand,0.0225,0.0392,573.07
202201,lng,271111,Australia,2.4568,2.56,959.68
202201,lng,271111,Malaysia,1.4603,1.2125,1204.31
202201,lng,271111,Qatar,1.2986,1.8037,719.96
202201,lng,271111,USA,0.6589,0.5134,1283.41
202201,lng,271111,Indonesia,0.6425,0.5993,1071.92
202201,lng,271111,Oman,0.379,0.2706,1400.23
202201,lng,271111,Russian Federation,0.1938,0.2639,734.5
202201,lng,271111,Cameroon,0.0979,0.072,1359.84
202201,lng,271111,Papua New Guinea,0.0887,0.1562,568.17
202201,lng,271111,Equatorial Guinea,0.082,0.062,1321.58
202201,lng,271111,Singapore,0.08,0.0617,1295.28
202201,lng,271111,Nigeria,0.0648,0.117,554.09
202201,lng,271111,Trinidad and Tobago,0.0562,0.1044,538.47
202201,lng,271111,China,0.0002,0.0001,1264.18
202201,pipeline_gas,271121,Turkmenistan,0.7117,0.5276,1348.89
202201,pipeline_gas,271121,Russian Federation,0.2404,0.1782,1348.89
202201,pipeline_gas,271121,Myanmar,0.1149,0.0852,1348.89
202201,pipeline_gas,271121,Uzbekistan,0.0368,0.0273,1348.89
202201,pipeline_gas,271121,Kazakhstan,0.0007,0.0005,1348.89
202202,coal,2701,Russian Federation,0.4811,2.6216,183.5
202202,coal,2701,Indonesia,0.3303,2.5264,130.73
202202,coal,2701,USA,0.3029,0.7012,431.98
202202,coal,2701,Canada,0.1514,0.3474,435.95
202202,coal,2701,Mongolia,0.1036,0.5693,181.97
202202,coal,2701,Australia,0.0344,0.1718,200.45
202202,coal,2701,Colombia,0.0223,0.061,366.15
202202,coal,2701,New Zealand,0.009,0.045,198.94
202202,coal,2701,Iran,0.0049,0.0439,112.38
202202,coal,2701,Kazakhstan,0.0007,0.003,217.5
202202,coal,2701,Pakistan,0.0,0.0,5000.0
202202,crude_oil,2709,Saudi Arabia,4.2147,6.6467,634.1
202202,crude_oil,2709,Russian Federation,3.5041,5.4105,647.66
202202,crude_oil,2709,Oman,2.3691,3.7326,634.7
202202,crude_oil,2709,Angola,2.0568,3.2918,624.83
202202,crude_oil,2709,Kuwait,1.989,3.1252,636.45
202202,crude_oil,2709,Iraq,1.8771,3.112,603.19
202202,crude_oil,2709,United Arab Emirates,1.8316,2.6726,685.31
202202,crude_oil,2709,Brazil,1.1469,1.5991,717.19
202202,crude_oil,2709,Norway,0.6249,0.8227,759.57
202202,crude_oil,2709,Qatar,0.5643,0.825,683.95
202202,crude_oil,2709,Malaysia,0.5489,0.8601,638.15
202202,crude_oil,2709,Kazakhstan,0.4452,0.663,671.41
202202,crude_oil,2709,Colombia,0.4147,0.7525,551.06
202202,crude_oil,2709,United Kingdom,0.3916,0.5428,721.43
202202,crude_oil,2709,USA,0.2561,0.4145,617.84
202202,crude_oil,2709,Congo,0.2532,0.3876,653.29
202202,crude_oil,2709,Nigeria,0.2339,0.3091,756.62
202202,crude_oil,2709,Chad,0.1057,0.1301,812.11
202202,crude_oil,2709,Gabon,0.0865,0.134,646.07
202202,crude_oil,2709,Ghana,0.085,0.1261,674.2
202202,crude_oil,2709,Canada,0.0838,0.1469,570.0
202202,crude_oil,2709,Dem. Rep. of the Congo,0.0825,0.1244,662.84
202202,crude_oil,2709,Yemen,0.0808,0.1245,648.7
202202,crude_oil,2709,Libya,0.057,0.0834,683.51
202202,crude_oil,2709,Australia,0.0546,0.061,894.28
202202,crude_oil,2709,Equatorial Guinea,0.0545,0.0599,910.07
202202,crude_oil,2709,Viet Nam,0.0498,0.0757,657.76
202202,crude_oil,2709,Egypt,0.0363,0.0538,675.79
202202,crude_oil,2709,Ecuador,0.0244,0.0518,471.1
202202,lng,271111,Australia,1.1087,1.6614,667.3
202202,lng,271111,Qatar,1.0534,1.7256,610.47
202202,lng,271111,Malaysia,0.4026,0.5558,724.36
202202,lng,271111,Russian Federation,0.3006,0.3937,763.5
202202,lng,271111,Belgium,0.1514,0.0701,2161.05
202202,lng,271111,Papua New Guinea,0.1017,0.1576,645.67
202202,lng,271111,Indonesia,0.1009,0.1875,538.18
202202,lng,271111,Trinidad and Tobago,0.0283,0.0482,587.73
202202,lng,271111,Equatorial Guinea,0.0255,0.0156,1630.18
202202,pipeline_gas,271121,Turkmenistan,0.7309,0.5418,1348.89
202202,pipeline_gas,271121,Russian Federation,0.2867,0.2125,1348.89
202202,pipeline_gas,271121,Myanmar,0.1097,0.0814,1348.89
202202,pipeline_gas,271121,Kazakhstan,0.1044,0.0774,1348.89
202202,pipeline_gas,271121,Uzbekistan,0.0086,0.0064,1348.89
202203,coal,2701,Russian Federation,0.6022,3.1097,193.66
202203,coal,2701,Indonesia,0.457,3.1887,143.32
202203,coal,2701,Mongolia,0.2307,1.022,225.69
202203,coal,2701,Canada,0.2233,0.6516,342.71
202203,coal,2701,USA,0.1354,0.3613,374.68
202203,coal,2701,Australia,0.038,0.3427,110.79
202203,coal,2701,Kazakhstan,0.0158,0.1411,111.72
202203,coal,2701,South Africa,0.0,0.0,11300.0
202203,coal,2701,United Kingdom,0.0,0.0,925.35
202203,crude_oil,2709,Russian Federation,4.9269,6.387,771.39
202203,crude_oil,2709,Saudi Arabia,4.8592,6.8579,708.55
202203,crude_oil,2709,Iraq,3.2235,4.7367,680.53
202203,crude_oil,2709,United Arab Emirates,2.4457,3.217,760.24
202203,crude_oil,2709,Oman,2.1783,3.0719,709.09
202203,crude_oil,2709,Angola,2.137,2.8258,756.25
202203,crude_oil,2709,Kuwait,1.7293,2.4589,703.31
202203,crude_oil,2709,Brazil,1.5583,2.052,759.38
202203,crude_oil,2709,Malaysia,1.4103,1.8986,742.86
202203,crude_oil,2709,Norway,1.2446,1.5481,803.95
202203,crude_oil,2709,Colombia,0.8942,1.3817,647.19
202203,crude_oil,2709,Qatar,0.6111,0.8192,746.02
202203,crude_oil,2709,Congo,0.5393,0.7571,712.25
202203,crude_oil,2709,USA,0.4896,0.6542,748.35
202203,crude_oil,2709,Kazakhstan,0.4522,0.5797,780.12
202203,crude_oil,2709,United Kingdom,0.4401,0.5118,859.99
202203,crude_oil,2709,Gabon,0.3629,0.5111,710.0
202203,crude_oil,2709,Libya,0.3421,0.4144,825.33
202203,crude_oil,2709,Canada,0.2847,0.4883,583.07
202203,crude_oil,2709,Ecuador,0.2621,0.3764,696.23
202203,crude_oil,2709,Australia,0.2258,0.2225,1014.94
202203,crude_oil,2709,Guyana,0.1223,0.1374,890.39
202203,crude_oil,2709,Ghana,0.0977,0.1268,770.52
202203,crude_oil,2709,Chad,0.0966,0.138,700.48
202203,crude_oil,2709,Cameroon,0.0916,0.1282,714.41
202203,crude_oil,2709,Equatorial Guinea,0.0907,0.1239,731.56
202203,crude_oil,2709,Yemen,0.0888,0.1369,648.7
202203,crude_oil,2709,New Zealand,0.037,0.0349,1059.37
202203,crude_oil,2709,Indonesia,0.0309,0.0389,794.94
202203,crude_oil,2709,Thailand,0.0276,0.0411,672.14
202203,crude_oil,2709,Viet Nam,0.0257,0.0342,751.49
202203,crude_oil,2709,Niger,0.0,0.0,18258.06
202203,lng,271111,Australia,0.9927,1.6668,595.56
202203,lng,271111,Qatar,0.7469,1.1363,657.33
202203,lng,271111,Malaysia,0.4007,0.5822,688.33
202203,lng,271111,Russian Federation,0.2357,0.3143,749.93
202203,lng,271111,Papua New Guinea,0.2016,0.3127,644.86
202203,lng,271111,Oman,0.1325,0.1258,1052.96
202203,lng,271111,Indonesia,0.1168,0.1957,596.84
202203,lng,271111,USA,0.092,0.0622,1477.47
202203,lng,271111,Equatorial Guinea,0.0435,0.0697,623.54
202203,lng,271111,Egypt,0.039,0.0622,627.28
202203,lng,271111,United Arab Emirates,0.037,0.0592,625.22
202203,pipeline_gas,271121,Turkmenistan,0.6811,0.5049,1348.89
202203,pipeline_gas,271121,Russian Federation,0.2596,0.1924,1348.89
202203,pipeline_gas,271121,Myanmar,0.1006,0.0746,1348.89
202203,pipeline_gas,271121,Kazakhstan,0.0847,0.0628,1348.89
202203,pipeline_gas,271121,Uzbekistan,0.021,0.0156,1348.89
202204,coal,2701,Indonesia,0.8903,5.2202,170.55
202204,coal,2701,Russian Federation,0.81,3.8218,211.93
202204,coal,2701,Canada,0.3528,0.9806,359.75
202204,coal,2701,Mongolia,0.3007,1.3812,217.73
202204,coal,2701,USA,0.0425,0.0786,541.17
202204,coal,2701,Mozambique,0.0304,0.088,345.56
202204,coal,2701,Peru,0.0195,0.1038,188.02
202204,coal,2701,Iran,0.0003,0.0015,220.67
202204,coal,2701,Kazakhstan,0.0,0.0,259.91
202204,coal,2701,Kyrgyzstan,0.0,0.0001,160.12
202204,crude_oil,2709,Saudi Arabia,7.2068,8.9296,807.07
202204,crude_oil,2709,Russian Federation,5.0536,6.5496,771.6
202204,crude_oil,2709,Iraq,3.2792,4.0904,801.69
202204,crude_oil,2709,Kuwait,2.9992,3.6329,825.56
202204,crude_oil,2709,United Arab Emirates,2.5104,3.0942,811.32
202204,crude_oil,2709,Oman,2.3908,2.9745,803.78
202204,crude_oil,2709,Angola,2.2993,2.7789,827.44
202204,crude_oil,2709,Brazil,1.9889,2.435,816.78
202204,crude_oil,2709,Malaysia,1.6587,2.1591,768.25
202204,crude_oil,2709,Kazakhstan,0.8379,0.9563,876.16
202204,crude_oil,2709,USA,0.6071,0.7481,811.54
202204,crude_oil,2709,Qatar,0.5432,0.6602,822.85
202204,crude_oil,2709,Congo,0.4616,0.5319,867.92
202204,crude_oil,2709,Norway,0.4437,0.5507,805.8
202204,crude_oil,2709,Libya,0.3786,0.42,901.33
202204,crude_oil,2709,Canada,0.3659,0.4832,757.39
202204,crude_oil,2709,United Kingdom,0.2454,0.2595,946.01
202204,crude_oil,2709,Gabon,0.2297,0.2568,894.41
202204,crude_oil,2709,Colombia,0.1846,0.2601,709.87
202204,crude_oil,2709,Ecuador,0.1787,0.2457,727.37
202204,crude_oil,2709,Australia,0.1335,0.1291,1033.7
202204,crude_oil,2709,Azerbaijan,0.1311,0.1385,947.06
202204,crude_oil,2709,Ghana,0.1173,0.1261,930.01
202204,crude_oil,2709,Cameroon,0.1099,0.1276,860.83
202204,crude_oil,2709,Guyana,0.1082,0.1368,791.1
202204,crude_oil,2709,Viet Nam,0.1,0.1159,863.07
202204,crude_oil,2709,Papua New Guinea,0.077,0.0778,989.93
202204,crude_oil,2709,South Sudan,0.0698,0.0784,890.41
202204,crude_oil,2709,Singapore,0.0372,0.0364,1021.03
202204,crude_oil,2709,Thailand,0.0282,0.0373,756.89
202204,crude_oil,2709,Niger,0.0,0.0,80000.0
202204,lng,271111,Australia,0.8216,1.5798,520.03
202204,lng,271111,Malaysia,0.6053,0.6661,908.76
202204,lng,271111,Russian Federation,0.577,0.4568,1263.28
202204,lng,271111,Qatar,0.4923,0.812,606.26
202204,lng,271111,Indonesia,0.159,0.2592,613.65
202204,lng,271111,Papua New Guinea,0.1548,0.2346,659.98
202204,lng,271111,Peru,0.0456,0.072,632.98
202204,lng,271111,Egypt,0.0412,0.0581,709.51
202204,lng,271111,Brunei Darussalam,0.0392,0.064,611.87
202204,lng,271111,Trinidad and Tobago,0.0383,0.0623,615.42
202204,lng,271111,Netherlands,0.0275,0.0581,474.29
202204,pipeline_gas,271121,Turkmenistan,0.7517,0.5572,1348.89
202204,pipeline_gas,271121,Russian Federation,0.2585,0.1916,1348.89
202204,pipeline_gas,271121,Kazakhstan,0.0843,0.0625,1348.89
202204,pipeline_gas,271121,Myanmar,0.083,0.0615,1348.89
202204,pipeline_gas,271121,Uzbekistan,0.074,0.0548,1348.89
202205,coal,2701,Russian Federation,0.9876,4.7346,208.59
202205,coal,2701,Indonesia,0.5776,3.0725,187.99
202205,coal,2701,Mongolia,0.3805,1.8375,207.07
202205,coal,2701,Canada,0.3475,0.7749,448.43
202205,coal,2701,USA,0.0527,0.1255,420.07
202205,coal,2701,Kyrgyzstan,0.0002,0.0055,36.0
202205,coal,2701,Lao People's Dem. Rep.,0.0002,0.0017,106.04
202205,coal,2701,Australia,0.0,0.0,52.74
202205,coal,2701,New Zealand,0.0,0.0,9040.0
202205,coal,2701,Peru,0.0,0.0,48750.0
202205,coal,2701,Thailand,0.0,0.0,57000.0
202205,crude_oil,2709,Saudi Arabia,6.3501,7.8153,812.52
202205,crude_oil,2709,Russian Federation,6.0971,8.4174,724.34
202205,crude_oil,2709,Iraq,3.6371,4.6871,775.97
202205,crude_oil,2709,Oman,3.2431,3.9748,815.9
202205,crude_oil,2709,United Arab Emirates,3.2257,4.0884,789.0
202205,crude_oil,2709,Angola,2.5974,3.146,825.62
202205,crude_oil,2709,Kuwait,2.1079,2.6057,808.94
202205,crude_oil,2709,Brazil,1.7922,2.2088,811.41
202205,crude_oil,2709,Malaysia,1.5188,2.1954,691.82
202205,crude_oil,2709,Qatar,0.9138,1.0988,831.58
202205,crude_oil,2709,Colombia,0.8225,1.0997,747.94
202205,crude_oil,2709,Norway,0.4559,0.5464,834.36
202205,crude_oil,2709,USA,0.4331,0.5156,840.05
202205,crude_oil,2709,Congo,0.4144,0.513,807.75
202205,crude_oil,2709,Canada,0.3085,0.4208,733.26
202205,crude_oil,2709,Equatorial Guinea,0.2452,0.256,958.01
202205,crude_oil,2709,Chad,0.2351,0.2756,853.3
202205,crude_oil,2709,Yemen,0.2187,0.2728,801.56
202205,crude_oil,2709,Ghana,0.2108,0.2466,854.9
202205,crude_oil,2709,Iran,0.203,0.2601,780.26
202205,crude_oil,2709,Kazakhstan,0.1948,0.2704,720.47
202205,crude_oil,2709,Libya,0.1816,0.2184,831.39
202205,crude_oil,2709,Ecuador,0.177,0.2376,744.96
202205,crude_oil,2709,Guyana,0.1265,0.1435,881.4
202205,crude_oil,2709,Côte d'Ivoire,0.1034,0.1387,745.12
202205,crude_oil,2709,South Sudan,0.0678,0.0781,868.72
202205,crude_oil,2709,Sudan,0.0613,0.0787,778.92
202205,crude_oil,2709,France,0.0,0.0,864.02
202205,lng,271111,Australia,1.271,1.8788,676.51
202205,lng,271111,Qatar,0.7479,1.1972,624.73
202205,lng,271111,Russian Federation,0.4397,0.3924,1120.57
202205,lng,271111,USA,0.3394,0.3378,1004.54
202205,lng,271111,Malaysia,0.314,0.4192,749.07
202205,lng,271111,Indonesia,0.2637,0.3029,870.62
202205,lng,271111,Papua New Guinea,0.1192,0.156,764.09
202205,lng,271111,Oman,0.1008,0.0585,1722.43
202205,lng,271111,Brunei Darussalam,0.0537,0.066,814.51
202205,lng,271111,Nigeria,0.0442,0.0685,646.0
202205,pipeline_gas,271121,Turkmenistan,0.87,0.645,1348.89
202205,pipeline_gas,271121,Russian Federation,0.2805,0.2079,1348.89
202205,pipeline_gas,271121,Uzbekistan,0.1616,0.1198,1348.89
202205,pipeline_gas,271121,Kazakhstan,0.1331,0.0987,1348.89
202205,pipeline_gas,271121,Myanmar,0.104,0.0771,1348.89
202206,coal,2701,Russian Federation,1.017,5.3343,190.65
202206,coal,2701,Mongolia,0.4548,2.3324,195.0
202206,coal,2701,Indonesia,0.3517,1.7862,196.87
202206,coal,2701,Canada,0.3031,0.6851,442.45
202206,coal,2701,USA,0.0323,0.0789,410.13
202206,coal,2701,Peru,0.0081,0.0374,217.05
202206,coal,2701,Lao People's Dem. Rep.,0.0047,0.0321,145.27
202206,coal,2701,Kyrgyzstan,0.0004,0.0111,36.19
202206,coal,2701,India,0.0,0.0,143.86
202206,coal,2701,South Africa,0.0,0.0,20600.0
202206,crude_oil,2709,Russian Federation,5.2554,7.2842,721.48
202206,crude_oil,2709,Saudi Arabia,4.3448,5.0558,859.36
202206,crude_oil,2709,United Arab Emirates,2.6871,3.126,859.6
202206,crude_oil,2709,Iraq,2.6093,3.1982,815.87
202206,crude_oil,2709,Angola,1.9798,2.3516,841.91
202206,crude_oil,2709,Malaysia,1.8608,2.6462,703.22
202206,crude_oil,2709,Oman,1.8014,2.0729,869.03
202206,crude_oil,2709,Kuwait,1.7848,2.1043,848.17
202206,crude_oil,2709,Brazil,1.6702,2.0045,833.23
202206,crude_oil,2709,Kazakhstan,0.8676,1.0539,823.25
202206,crude_oil,2709,Colombia,0.723,0.9754,741.2
202206,crude_oil,2709,USA,0.6092,0.6727,905.69
202206,crude_oil,2709,Qatar,0.5554,0.6195,896.51
202206,crude_oil,2709,Congo,0.5353,0.6348,843.29
202206,crude_oil,2709,Guyana,0.3479,0.4118,845.0
202206,crude_oil,2709,Norway,0.345,0.4111,839.07
202206,crude_oil,2709,Ghana,0.2267,0.2519,900.28
202206,crude_oil,2709,Iran,0.2218,0.2603,852.12
202206,crude_oil,2709,Libya,0.1777,0.2035,873.18
202206,crude_oil,2709,Canada,0.1449,0.2065,701.42
202206,crude_oil,2709,Australia,0.0786,0.0719,1093.21
202206,crude_oil,2709,Equatorial Guinea,0.0637,0.0589,1081.4
202206,crude_oil,2709,Thailand,0.0371,0.0421,880.22
202206,crude_oil,2709,New Zealand,0.0303,0.028,1083.67
202206,crude_oil,2709,Indonesia,0.025,0.0555,449.93
202206,lng,271111,Australia,1.084,1.7905,605.39
202206,lng,271111,Qatar,0.6891,0.9606,717.35
202206,lng,271111,Malaysia,0.4249,0.503,844.84
202206,lng,271111,Russian Federation,0.395,0.5205,758.83
202206,lng,271111,Indonesia,0.359,0.5045,711.59
202206,lng,271111,Papua New Guinea,0.2449,0.305,802.88
202206,lng,271111,Oman,0.122,0.0703,1736.11
202206,lng,271111,Nigeria,0.0919,0.1254,732.63
202206,lng,271111,Peru,0.0071,0.0092,771.61
202206,pipeline_gas,271121,Turkmenistan,0.7702,0.571,1348.89
202206,pipeline_gas,271121,Russian Federation,0.3344,0.2479,1348.89
202206,pipeline_gas,271121,Kazakhstan,0.1298,0.0962,1348.89
202206,pipeline_gas,271121,Myanmar,0.1049,0.0777,1348.89
202206,pipeline_gas,271121,Uzbekistan,0.1044,0.0774,1348.89
202206,pipeline_gas,271121,USA,0.0,0.0,1348.89
202207,coal,2701,Russian Federation,1.338,6.9099,193.64
202207,coal,2701,Mongolia,0.5109,2.8504,179.25
202207,coal,2701,Canada,0.418,1.0264,407.3
202207,coal,2701,Indonesia,0.3472,1.8879,183.93
202207,coal,2701,USA,0.1341,0.3033,442.24
202207,coal,2701,Iran,0.0056,0.0451,123.16
202207,coal,2701,Kyrgyzstan,0.0007,0.02,36.0
202207,coal,2701,Colombia,0.0,0.0,22111.11
202207,coal,2701,Kazakhstan,0.0,0.0001,227.0
202207,coal,2701,United Kingdom,0.0,0.0,2014.95
202207,crude_oil,2709,Saudi Arabia,5.6045,6.5646,853.74
202207,crude_oil,2709,Russian Federation,5.0185,7.1432,702.56
202207,crude_oil,2709,United Arab Emirates,3.0409,3.5607,854.01
202207,crude_oil,2709,Iraq,3.0264,3.6384,831.79
202207,crude_oil,2709,Oman,2.389,2.7628,864.71
202207,crude_oil,2709,Kuwait,2.252,2.6249,857.93
202207,crude_oil,2709,Malaysia,2.1567,3.3408,645.56
202207,crude_oil,2709,Angola,1.8635,2.1233,877.62
202207,crude_oil,2709,Brazil,0.9015,1.0297,875.47
202207,crude_oil,2709,Congo,0.6647,0.7669,866.75
202207,crude_oil,2709,Colombia,0.5327,0.6621,804.52
202207,crude_oil,2709,Qatar,0.4953,0.547,905.48
202207,crude_oil,2709,Kazakhstan,0.4522,0.4754,951.22
202207,crude_oil,2709,Gabon,0.439,0.4814,911.86
202207,crude_oil,2709,Libya,0.296,0.3096,956.06
202207,crude_oil,2709,Chad,0.2299,0.2508,916.34
202207,crude_oil,2709,USA,0.129,0.1285,1003.57
202207,crude_oil,2709,Ghana,0.1203,0.1261,953.74
202207,crude_oil,2709,Equatorial Guinea,0.1197,0.1302,918.8
202207,crude_oil,2709,Norway,0.1142,0.1408,811.31
202207,crude_oil,2709,Canada,0.102,0.132,772.83
202207,crude_oil,2709,Australia,0.0792,0.0794,997.21
202207,crude_oil,2709,Indonesia,0.0785,0.1008,778.3
202207,crude_oil,2709,Guyana,0.0596,0.07,850.84
202207,crude_oil,2709,Ecuador,0.0422,0.0497,848.88
202207,crude_oil,2709,Mongolia,0.0287,0.0372,772.63
202207,crude_oil,2709,Timor-Leste,0.024,0.0291,823.94
202207,crude_oil,2709,Japan,0.0089,0.0129,690.31
202207,crude_oil,2709,Azerbaijan,0.0,0.0,8500.0
202207,lng,271111,Australia,1.2147,1.8114,670.55
202207,lng,271111,Qatar,0.9398,1.3336,704.71
202207,lng,271111,Russian Federation,0.3043,0.4011,758.57
202207,lng,271111,Malaysia,0.2656,0.3678,722.22
202207,lng,271111,Papua New Guinea,0.1904,0.2178,873.91
202207,lng,271111,Oman,0.1164,0.1314,886.1
202207,lng,271111,USA,0.0558,0.0729,764.6
202207,lng,271111,Peru,0.0496,0.067,739.35
202207,lng,271111,Equatorial Guinea,0.0494,0.0664,744.1
202207,lng,271111,Brunei Darussalam,0.0442,0.0624,708.13
202207,lng,271111,Indonesia,0.0386,0.0625,618.06
202207,lng,271111,Nigeria,0.0355,0.0616,575.87
202207,lng,271111,Egypt,0.0198,0.0574,344.24
202207,lng,271111,Japan,0.0,0.0,951.74
202207,pipeline_gas,271121,Turkmenistan,0.8106,0.6009,1348.89
202207,pipeline_gas,271121,Russian Federation,0.3238,0.24,1348.89
202207,pipeline_gas,271121,Kazakhstan,0.12,0.089,1348.89
202207,pipeline_gas,271121,Myanmar,0.1153,0.0855,1348.89
202207,pipeline_gas,271121,Uzbekistan,0.0995,0.0738,1348.89
202207,pipeline_gas,271121,USA,0.0,0.0,1348.89
202208,coal,2701,Russian Federation,1.3366,7.8464,170.34
202208,coal,2701,Mongolia,0.4973,3.5899,138.52
202208,coal,2701,Indonesia,0.4457,2.6713,166.87
202208,coal,2701,Canada,0.3059,0.8184,373.84
202208,coal,2701,USA,0.1914,0.4936,387.73
202208,coal,2701,Australia,0.0109,0.087,125.68
202208,coal,2701,Kyrgyzstan,0.0006,0.0165,36.12
202208,coal,2701,Lao People's Dem. Rep.,0.0002,0.0016,103.8
202208,coal,2701,Viet Nam,0.0001,0.002,70.43
202208,coal,2701,Malaysia,0.0,0.0,13083.33
202208,coal,2701,United Kingdom,0.0,0.0,1883.5
202208,crude_oil,2709,Saudi Arabia,6.8314,8.4739,806.17
202208,crude_oil,2709,Russian Federation,5.6546,8.3401,678.0
202208,crude_oil,2709,Iraq,3.3611,4.3145,779.03
202208,crude_oil,2709,United Arab Emirates,3.005,3.8139,787.89
202208,crude_oil,2709,Oman,2.2073,2.7532,801.72
202208,crude_oil,2709,Kuwait,2.0885,2.6058,801.5
202208,crude_oil,2709,Malaysia,1.9958,3.3548,594.91
202208,crude_oil,2709,Angola,1.8304,2.1723,842.61
202208,crude_oil,2709,Brazil,1.6015,1.8867,848.87
202208,crude_oil,2709,Canada,0.3277,0.409,801.28
202208,crude_oil,2709,Qatar,0.2927,0.3535,828.1
202208,crude_oil,2709,Colombia,0.2496,0.3401,734.06
202208,crude_oil,2709,Gabon,0.2306,0.2528,911.93
202208,crude_oil,2709,Libya,0.2282,0.2652,860.76
202208,crude_oil,2709,Congo,0.2081,0.2527,823.29
202208,crude_oil,2709,Australia,0.1845,0.2121,869.75
202208,crude_oil,2709,Kazakhstan,0.1758,0.2058,854.28
202208,crude_oil,2709,Chad,0.1211,0.1318,919.07
202208,crude_oil,2709,Ghana,0.1129,0.126,896.12
202208,crude_oil,2709,Mongolia,0.0501,0.0719,697.46
202208,lng,271111,Australia,1.2064,1.4404,837.53
202208,lng,271111,Qatar,0.8881,1.0383,855.38
202208,lng,271111,Russian Federation,0.7466,0.6687,1116.57
202208,lng,271111,Malaysia,0.6717,0.72,932.84
202208,lng,271111,Indonesia,0.3372,0.4226,797.97
202208,lng,271111,Papua New Guinea,0.1776,0.2091,849.18
202208,lng,271111,USA,0.0561,0.0681,824.15
202208,lng,271111,Peru,0.0464,0.0628,738.31
202208,lng,271111,Trinidad and Tobago,0.0287,0.057,503.78
202208,lng,271111,Nigeria,0.0074,0.0092,797.37
202208,pipeline_gas,271121,Turkmenistan,0.9894,0.7335,1348.89
202208,pipeline_gas,271121,Russian Federation,0.4095,0.3036,1348.89
202208,pipeline_gas,271121,Kazakhstan,0.1528,0.1133,1348.89
202208,pipeline_gas,271121,Myanmar,0.1226,0.0909,1348.89
202208,pipeline_gas,271121,Uzbekistan,0.1123,0.0832,1348.89
202209,coal,2701,Russian Federation,0.985,6.2336,158.02
202209,coal,2701,Indonesia,0.7666,5.6364,136.0
202209,coal,2701,Mongolia,0.5883,4.233,138.97
202209,coal,2701,Canada,0.1795,0.6033,297.51
202209,coal,2701,USA,0.0746,0.257,290.16
202209,coal,2701,Peru,0.0165,0.0348,475.26
202209,coal,2701,Viet Nam,0.0131,0.0272,480.95
202209,coal,2701,Australia,0.0099,0.0801,123.26
202209,coal,2701,Iran,0.0042,0.043,97.52
202209,coal,2701,Malaysia,0.0035,0.0411,86.14
202209,coal,2701,Kyrgyzstan,0.0009,0.0239,36.38
202209,coal,2701,Lao People's Dem. Rep.,0.0006,0.0058,102.3
202209,crude_oil,2709,Saudi Arabia,5.7622,7.5291,765.32
202209,crude_oil,2709,Russian Federation,4.8478,7.4617,649.7
202209,crude_oil,2709,Iraq,3.7696,5.1542,731.37
202209,crude_oil,2709,Oman,2.5711,3.2896,781.58
202209,crude_oil,2709,Malaysia,2.2575,4.0457,557.99
202209,crude_oil,2709,Kuwait,1.7945,2.3711,756.83
202209,crude_oil,2709,Angola,1.5136,1.9969,757.96
202209,crude_oil,2709,Brazil,1.4346,1.8903,758.93
202209,crude_oil,2709,United Arab Emirates,1.4081,1.7467,806.17
202209,crude_oil,2709,USA,0.6051,0.7951,760.93
202209,crude_oil,2709,Kazakhstan,0.4694,0.5995,783.05
202209,crude_oil,2709,Congo,0.3751,0.5174,725.04
202209,crude_oil,2709,Colombia,0.3616,0.5264,686.9
202209,crude_oil,2709,Gabon,0.2238,0.2615,855.95
202209,crude_oil,2709,Qatar,0.212,0.2676,792.42
202209,crude_oil,2709,Ghana,0.2077,0.2537,818.87
202209,crude_oil,2709,Yemen,0.2068,0.2747,752.89
202209,crude_oil,2709,Canada,0.1782,0.274,650.26
202209,crude_oil,2709,Australia,0.1242,0.1549,801.85
202209,crude_oil,2709,Chad,0.1175,0.1389,846.11
202209,crude_oil,2709,Ecuador,0.1164,0.1579,737.0
202209,crude_oil,2709,Guyana,0.1158,0.1377,840.83
202209,crude_oil,2709,Libya,0.104,0.1306,796.21
202209,crude_oil,2709,Equatorial Guinea,0.0866,0.1026,843.76
202209,crude_oil,2709,Timor-Leste,0.0653,0.078,837.85
202209,crude_oil,2709,Mongolia,0.0368,0.0581,632.91
202209,crude_oil,2709,Viet Nam,0.0153,0.0197,779.34
202209,lng,271111,Australia,1.3194,1.731,762.18
202209,lng,271111,Qatar,1.279,1.4292,894.95
202209,lng,271111,Russian Federation,1.0168,0.8083,1257.94
202209,lng,271111,Malaysia,0.9368,0.8504,1101.52
202209,lng,271111,Indonesia,0.3543,0.4873,727.2
202209,lng,271111,Papua New Guinea,0.2087,0.2394,871.74
202209,lng,271111,Oman,0.1493,0.0849,1759.38
202209,lng,271111,USA,0.0803,0.0907,885.63
202209,lng,271111,Trinidad and Tobago,0.0582,0.0683,852.71
202209,lng,271111,Nigeria,0.0196,0.0591,332.13
202209,lng,271111,Peru,0.0034,0.0041,823.16
202209,pipeline_gas,271121,Turkmenistan,1.0098,0.7486,1348.89
202209,pipeline_gas,271121,Russian Federation,0.4114,0.305,1348.89
202209,pipeline_gas,271121,Uzbekistan,0.1495,0.1108,1348.89
202209,pipeline_gas,271121,Kazakhstan,0.1384,0.1026,1348.89
202209,pipeline_gas,271121,Myanmar,0.1258,0.0933,1348.89
202210,coal,2701,Russian Federation,1.059,6.1042,173.49
202210,coal,2701,Indonesia,0.8048,6.0971,132.0
202210,coal,2701,Mongolia,0.5394,3.7927,142.21
202210,coal,2701,Canada,0.2057,0.718,286.42
202210,coal,2701,USA,0.0421,0.1391,302.84
202210,coal,2701,Mozambique,0.0153,0.0628,243.69
202210,coal,2701,Iran,0.0058,0.0445,129.58
202210,coal,2701,Kyrgyzstan,0.0006,0.0148,39.91
202210,coal,2701,Lao People's Dem. Rep.,0.0002,0.0023,99.23
202210,crude_oil,2709,Saudi Arabia,5.7336,7.9232,723.65
202210,crude_oil,2709,Russian Federation,4.9753,7.7111,645.21
202210,crude_oil,2709,Iraq,3.4136,4.9022,696.34
202210,crude_oil,2709,United Arab Emirates,3.2326,4.214,767.11
202210,crude_oil,2709,Oman,2.2711,3.0096,754.62
202210,crude_oil,2709,Kuwait,2.1884,3.0161,725.58
202210,crude_oil,2709,Malaysia,1.9986,3.5174,568.2
202210,crude_oil,2709,Angola,1.4752,2.0231,729.19
202210,crude_oil,2709,Brazil,1.0398,1.4953,695.35
202210,crude_oil,2709,Qatar,0.6461,0.8463,763.41
202210,crude_oil,2709,USA,0.5923,0.7766,762.62
202210,crude_oil,2709,Colombia,0.4574,0.7431,615.51
202210,crude_oil,2709,Congo,0.4365,0.6331,689.51
202210,crude_oil,2709,Libya,0.2722,0.3613,753.55
202210,crude_oil,2709,Australia,0.2173,0.2947,737.43
202210,crude_oil,2709,Canada,0.2071,0.3415,606.53
202210,crude_oil,2709,Gabon,0.1786,0.2482,719.62
202210,crude_oil,2709,Ecuador,0.144,0.233,617.89
202210,crude_oil,2709,Kazakhstan,0.1365,0.2116,645.24
202210,crude_oil,2709,Papua New Guinea,0.1141,0.152,750.5
202210,crude_oil,2709,Chad,0.099,0.1332,743.13
202210,crude_oil,2709,Equatorial Guinea,0.0927,0.1242,746.16
202210,crude_oil,2709,Mongolia,0.0334,0.0531,627.94
202210,crude_oil,2709,Thailand,0.0306,0.0409,747.84
202210,crude_oil,2709,Norway,0.0244,0.0339,718.0
202210,crude_oil,2709,Singapore,0.0236,0.033,714.42
202210,crude_oil,2709,New Zealand,0.0215,0.0285,753.47
202210,crude_oil,2709,Viet Nam,0.0161,0.0197,820.81
202210,lng,271111,Russian Federation,1.0832,0.7495,1445.31
202210,lng,271111,Australia,1.0594,1.4054,753.82
202210,lng,271111,Qatar,0.7948,1.0136,784.11
202210,lng,271111,Malaysia,0.3344,0.3145,1063.31
202210,lng,271111,France,0.2179,0.067,3252.07
202210,lng,271111,USA,0.1441,0.1992,723.51
202210,lng,271111,Papua New Guinea,0.1318,0.1481,889.72
202210,lng,271111,Indonesia,0.0585,0.0275,2125.93
202210,lng,271111,Brunei Darussalam,0.0503,0.0668,753.08
202210,pipeline_gas,271121,Turkmenistan,0.9061,0.6718,1348.89
202210,pipeline_gas,271121,Russian Federation,0.2926,0.2169,1348.89
202210,pipeline_gas,271121,Uzbekistan,0.1485,0.1101,1348.89
202210,pipeline_gas,271121,Myanmar,0.1465,0.1086,1348.89
202210,pipeline_gas,271121,Kazakhstan,0.0611,0.0453,1348.89
202211,coal,2701,Russian Federation,1.261,6.9524,181.37
202211,coal,2701,Indonesia,0.9374,6.2198,150.71
202211,coal,2701,Mongolia,0.5499,3.749,146.67
202211,coal,2701,Canada,0.2136,0.7266,294.01
202211,coal,2701,USA,0.0355,0.1257,282.16
202211,coal,2701,New Zealand,0.0184,0.0634,290.07
202211,coal,2701,Iran,0.0052,0.0402,129.58
202211,coal,2701,Viet Nam,0.0043,0.0124,344.22
202211,coal,2701,Malaysia,0.0031,0.0299,102.72
202211,coal,2701,Lao People's Dem. Rep.,0.0012,0.0123,97.71
202211,coal,2701,Kyrgyzstan,0.0003,0.0085,40.36
202211,coal,2701,United Rep. of Tanzania,0.0,,
202211,crude_oil,2709,Russian Federation,5.1133,7.8113,654.61
202211,crude_oil,2709,Saudi Arabia,4.6667,6.6167,705.3
202211,crude_oil,2709,Iraq,3.8036,5.6847,669.1
202211,crude_oil,2709,United Arab Emirates,3.5043,5.0497,693.96
202211,crude_oil,2709,Malaysia,2.7986,4.8108,581.73
202211,crude_oil,2709,Oman,2.2406,3.0526,734.01
202211,crude_oil,2709,Kuwait,1.9509,2.766,705.32
202211,crude_oil,2709,Brazil,1.8134,2.6466,685.18
202211,crude_oil,2709,Angola,1.4023,2.0162,695.54
202211,crude_oil,2709,USA,0.7603,1.045,727.58
202211,crude_oil,2709,Colombia,0.5572,0.9329,597.25
202211,crude_oil,2709,Qatar,0.3939,0.5527,712.7
202211,crude_oil,2709,Gabon,0.3339,0.5018,665.5
202211,crude_oil,2709,Ecuador,0.2323,0.3938,589.91
202211,crude_oil,2709,Kazakhstan,0.2275,0.3303,688.79
202211,crude_oil,2709,United Kingdom,0.1963,0.2632,745.91
202211,crude_oil,2709,Equatorial Guinea,0.19,0.2693,705.44
202211,crude_oil,2709,Ghana,0.1836,0.2469,743.62
202211,crude_oil,2709,Norway,0.1807,0.2646,683.06
202211,crude_oil,2709,Australia,0.1662,0.2293,725.01
202211,crude_oil,2709,Canada,0.1604,0.2733,586.94
202211,crude_oil,2709,Congo,0.1325,0.1941,682.52
202211,crude_oil,2709,Libya,0.0987,0.1331,741.33
202211,crude_oil,2709,Guyana,0.0958,0.1346,711.35
202211,crude_oil,2709,Côte d'Ivoire,0.0927,0.1386,668.45
202211,crude_oil,2709,Papua New Guinea,0.0563,0.0781,721.1
202211,crude_oil,2709,Timor-Leste,0.0554,0.0746,742.61
202211,crude_oil,2709,Singapore,0.0439,0.0648,677.0
202211,crude_oil,2709,Mongolia,0.0351,0.0553,633.71
202211,crude_oil,2709,Yemen,0.0221,0.0314,704.04
202211,crude_oil,2709,New Zealand,0.0217,0.0291,745.88
202211,crude_oil,2709,Cuba,0.0,0.0,32916.67
202211,lng,271111,Australia,1.8155,2.3953,757.92
202211,lng,271111,Qatar,1.1648,1.4316,813.63
202211,lng,271111,Russian Federation,0.8106,0.8478,956.07
202211,lng,271111,Malaysia,0.5092,0.5121,994.43
202211,lng,271111,USA,0.4016,0.3955,1015.32
202211,lng,271111,Indonesia,0.2953,0.3394,870.05
202211,lng,271111,Papua New Guinea,0.1272,0.147,865.51
202211,lng,271111,Oman,0.1228,0.0644,1906.53
202211,lng,271111,Algeria,0.1019,0.0683,1491.85
202211,lng,271111,Equatorial Guinea,0.0569,0.064,889.92
202211,lng,271111,Brunei Darussalam,0.0442,0.0627,704.91
202211,lng,271111,Singapore,0.0439,0.0419,1047.34
202211,lng,271111,Egypt,0.0061,0.0075,811.22
202211,pipeline_gas,271121,Turkmenistan,1.0491,0.7777,1348.89
202211,pipeline_gas,271121,Russian Federation,0.4493,0.3331,1348.89
202211,pipeline_gas,271121,Myanmar,0.1581,0.1172,1348.89
202211,pipeline_gas,271121,Uzbekistan,0.1142,0.0846,1348.89
202211,pipeline_gas,271121,Kazakhstan,0.0178,0.0132,1348.89
202211,pipeline_gas,271121,USA,0.0,0.0,1348.89
202212,coal,2701,Russian Federation,1.2581,6.8892,182.61
202212,coal,2701,Mongolia,0.7706,4.9377,156.07
202212,coal,2701,Indonesia,0.7276,4.8633,149.62
202212,coal,2701,Canada,0.0936,0.3364,278.26
202212,coal,2701,USA,0.0634,0.3145,201.48
202212,coal,2701,Colombia,0.0329,0.1313,250.83
202212,coal,2701,Viet Nam,0.0242,0.064,377.6
202212,coal,2701,Iran,0.011,0.0926,118.67
202212,coal,2701,Lao People's Dem. Rep.,0.0008,0.0085,97.54
202212,coal,2701,Kyrgyzstan,0.0004,0.0098,39.43
202212,coal,2701,India,0.0,0.0,130.63
202212,coal,2701,United Rep. of Tanzania,0.0,0.0,50000.0
202212,crude_oil,2709,Saudi Arabia,4.7607,7.117,668.92
202212,crude_oil,2709,Russian Federation,3.8994,6.4696,602.72
202212,crude_oil,2709,United Arab Emirates,3.3663,4.9524,679.73
202212,crude_oil,2709,Iraq,3.2239,5.06,637.13
202212,crude_oil,2709,Malaysia,2.8146,5.5182,510.06
202212,crude_oil,2709,Oman,2.4336,3.4707,701.18
202212,crude_oil,2709,Brazil,1.988,2.9834,666.38
202212,crude_oil,2709,Kuwait,1.8601,2.77,671.52
202212,crude_oil,2709,Angola,1.7437,2.5678,679.07
202212,crude_oil,2709,Congo,0.478,0.7171,666.51
202212,crude_oil,2709,USA,0.4763,0.6886,691.72
202212,crude_oil,2709,Norway,0.4605,0.7,657.76
202212,crude_oil,2709,Qatar,0.4288,0.6142,698.17
202212,crude_oil,2709,Canada,0.3815,0.6866,555.72
202212,crude_oil,2709,Libya,0.3552,0.4879,728.04
202212,crude_oil,2709,Kazakhstan,0.3486,0.4784,728.63
202212,crude_oil,2709,Colombia,0.3304,0.5606,589.39
202212,crude_oil,2709,Indonesia,0.3008,0.5479,548.96
202212,crude_oil,2709,Guyana,0.2899,0.411,705.47
202212,crude_oil,2709,Ghana,0.1838,0.2517,730.49
202212,crude_oil,2709,Australia,0.1648,0.2308,713.94
202212,crude_oil,2709,United Kingdom,0.1104,0.1483,744.28
202212,crude_oil,2709,Papua New Guinea,0.1058,0.1557,679.42
202212,crude_oil,2709,Ecuador,0.0983,0.1561,629.55
202212,crude_oil,2709,Gabon,0.0929,0.1263,735.79
202212,crude_oil,2709,Egypt,0.0353,0.0479,738.09
202212,crude_oil,2709,Nigeria,0.0346,0.0507,683.6
202212,crude_oil,2709,Mongolia,0.0322,0.0564,571.0
202212,crude_oil,2709,New Zealand,0.0177,0.0263,672.97
202212,crude_oil,2709,Singapore,0.0044,0.0089,500.43
202212,crude_oil,2709,Austria,0.0,0.0,26333.33
202212,crude_oil,2709,Niger,0.0,0.0,82285.71
202212,lng,271111,Australia,1.6438,1.929,852.14
202212,lng,271111,Qatar,1.4819,1.7986,823.89
202212,lng,271111,Russian Federation,0.6292,0.668,941.9
202212,lng,271111,Malaysia,0.5133,0.6594,778.41
202212,lng,271111,USA,0.3551,0.3432,1034.65
202212,lng,271111,Indonesia,0.3453,0.3442,1003.15
202212,lng,271111,Papua New Guinea,0.2576,0.226,1139.59
202212,lng,271111,Oman,0.2032,0.1512,1343.76
202212,lng,271111,Egypt,0.1816,0.1633,1112.27
202212,lng,271111,Trinidad and Tobago,0.1064,0.068,1565.97
202212,lng,271111,United Arab Emirates,0.0848,0.06,1412.56
202212,lng,271111,France,0.0472,0.0632,746.41
202212,lng,271111,Equatorial Guinea,0.0465,0.0603,771.62
202212,lng,271111,Spain,0.0121,0.0083,1462.91
202212,pipeline_gas,271121,Turkmenistan,0.9756,0.7232,1348.89
202212,pipeline_gas,271121,Russian Federation,0.4344,0.322,1348.89
202212,pipeline_gas,271121,Myanmar,0.146,0.1082,1348.89
202212,pipeline_gas,271121,Kazakhstan,0.0869,0.0644,1348.89
202212,pipeline_gas,271121,Uzbekistan,0.0401,0.0297,1348.89
202301,coal,2701,Russian Federation,1.5366,7.9703,192.79
202301,coal,2701,Indonesia,0.967,6.7349,143.58
202301,coal,2701,Mongolia,0.5213,3.4798,149.8
202301,coal,2701,Canada,0.1898,0.6804,279.03
202301,coal,2701,South Africa,0.0629,0.3076,204.47
202301,coal,2701,USA,0.0581,0.2002,290.37
202301,coal,2701,Colombia,0.0172,0.0605,284.26
202301,coal,2701,Lao People's Dem. Rep.,0.0007,0.0071,99.57
202301,coal,2701,Kyrgyzstan,0.0003,0.0081,40.9
202301,coal,2701,Iran,0.0,0.0,200.0
202301,coal,2701,Peru,0.0,0.0,88000.0
202301,coal,2701,United Kingdom,0.0,0.0,1795.75
202301,crude_oil,2709,Saudi Arabia,5.0271,8.1464,617.1
202301,crude_oil,2709,Russian Federation,4.4351,7.9904,555.05
202301,crude_oil,2709,Iraq,2.6562,4.5902,578.67
202301,crude_oil,2709,United Arab Emirates,2.2513,3.414,659.44
202301,crude_oil,2709,Brazil,1.8126,2.9253,619.64
202301,crude_oil,2709,Oman,1.6116,2.5299,637.04
202301,crude_oil,2709,Angola,1.545,2.471,625.23
202301,crude_oil,2709,Kuwait,1.356,2.2265,609.03
202301,crude_oil,2709,Malaysia,1.1332,2.3668,478.8
202301,crude_oil,2709,Qatar,0.6403,1.0446,612.98
202301,crude_oil,2709,USA,0.6335,0.9652,656.36
202301,crude_oil,2709,United Kingdom,0.6074,0.8648,702.31
202301,crude_oil,2709,Colombia,0.5343,1.0129,527.47
202301,crude_oil,2709,Congo,0.4051,0.6533,620.01
202301,crude_oil,2709,Libya,0.312,0.4559,684.28
202301,crude_oil,2709,Gabon,0.1531,0.2487,615.86
202301,crude_oil,2709,Canada,0.1352,0.2715,497.91
202301,crude_oil,2709,Norway,0.1273,0.2012,632.72
202301,crude_oil,2709,Singapore,0.1085,0.2045,530.27
202301,crude_oil,2709,Australia,0.1063,0.1464,726.14
202301,crude_oil,2709,Ghana,0.087,0.1268,686.43
202301,crude_oil,2709,Guyana,0.0848,0.1373,617.49
202301,crude_oil,2709,Ecuador,0.0575,0.1029,558.59
202301,crude_oil,2709,Equatorial Guinea,0.0411,0.0593,693.52
202301,crude_oil,2709,Kazakhstan,0.0396,0.0719,550.9
202301,crude_oil,2709,Mongolia,0.0288,0.0515,559.55
202301,crude_oil,2709,Indonesia,0.0217,0.0348,622.43
202301,lng,271111,Australia,1.5625,2.0184,774.14
202301,lng,271111,Qatar,1.2107,1.677,721.96
202301,lng,271111,Malaysia,0.6598,0.7306,903.1
202301,lng,271111,Russian Federation,0.4365,0.4449,981.04
202301,lng,271111,Indonesia,0.37,0.38,973.62
202301,lng,271111,USA,0.2338,0.2582,905.78
202301,lng,271111,Oman,0.1664,0.1297,1282.94
202301,lng,271111,Papua New Guinea,0.055,0.0694,792.83
202301,lng,271111,Egypt,0.0496,0.0699,709.64
202301,lng,271111,United Arab Emirates,0.0492,0.0592,830.13
202301,lng,271111,Nigeria,0.0466,0.0608,766.53
202301,lng,271111,Canada,0.0001,0.0002,677.65
202301,pipeline_gas,271121,Turkmenistan,0.865,1.0506,823.34
202301,pipeline_gas,271121,Russian Federation,0.5261,0.6389,823.34
202301,pipeline_gas,271121,Myanmar,0.1414,0.1717,823.34
202301,pipeline_gas,271121,Kazakhstan,0.0091,0.0111,823.34
202302,coal,2701,Russian Federation,1.3045,6.724,194.01
202302,coal,2701,Mongolia,0.6805,4.5327,150.13
202302,coal,2701,Indonesia,0.5297,3.919,135.16
202302,coal,2701,Canada,0.1468,0.4858,302.09
202302,coal,2701,USA,0.0966,0.3091,312.56
202302,coal,2701,Australia,0.0419,0.2072,202.05
202302,coal,2701,South Africa,0.0293,0.1639,179.05
202302,coal,2701,Iran,0.0107,0.1051,101.87
202302,coal,2701,Lao People's Dem. Rep.,0.0008,0.0074,103.26
202302,coal,2701,Kazakhstan,0.0,0.0001,70.9
202302,coal,2701,Kyrgyzstan,0.0,0.0009,41.77
202302,crude_oil,2709,Russian Federation,4.2378,7.6828,551.59
202302,crude_oil,2709,Saudi Arabia,3.5321,5.7738,611.74
202302,crude_oil,2709,Iraq,2.893,5.0408,573.91
202302,crude_oil,2709,Oman,2.1496,3.4074,630.86
202302,crude_oil,2709,Brazil,2.0172,3.3478,602.54
202302,crude_oil,2709,United Arab Emirates,2.0094,3.1689,634.08
202302,crude_oil,2709,Malaysia,1.4122,2.8968,487.49
202302,crude_oil,2709,Angola,1.1097,1.8107,612.86
202302,crude_oil,2709,Kuwait,0.9697,1.59,609.9
202302,crude_oil,2709,Congo,0.4581,0.7796,587.62
202302,crude_oil,2709,USA,0.4415,0.6753,653.78
202302,crude_oil,2709,Ecuador,0.4025,0.7586,530.65
202302,crude_oil,2709,Kazakhstan,0.3801,0.6066,626.56
202302,crude_oil,2709,Qatar,0.343,0.5577,615.08
202302,crude_oil,2709,Colombia,0.3341,0.6632,503.71
202302,crude_oil,2709,Libya,0.2756,0.4148,664.4
202302,crude_oil,2709,Ghana,0.2451,0.3789,646.72
202302,crude_oil,2709,Gabon,0.1516,0.2538,597.34
202302,crude_oil,2709,Equatorial Guinea,0.1157,0.1832,631.59
202302,crude_oil,2709,Australia,0.1005,0.151,665.58
202302,crude_oil,2709,Canada,0.0996,0.2062,482.75
202302,crude_oil,2709,Guyana,0.089,0.1364,652.3
202302,crude_oil,2709,Nigeria,0.0845,0.1267,667.41
202302,crude_oil,2709,Mongolia,0.0275,0.0488,563.5
202302,crude_oil,2709,New Zealand,0.0264,0.0377,698.23
202302,crude_oil,2709,Singapore,0.0209,0.0352,595.3
202302,crude_oil,2709,Niger,0.0,0.0,10181.82
202302,lng,271111,Qatar,1.2615,1.6661,757.17
202302,lng,271111,Australia,1.0227,1.4311,714.6
202302,lng,271111,Russian Federation,0.4765,0.5823,818.27
202302,lng,271111,Papua New Guinea,0.3973,0.3037,1308.03
202302,lng,271111,Malaysia,0.3708,0.495,749.07
202302,lng,271111,Indonesia,0.3119,0.3762,829.11
202302,lng,271111,USA,0.1592,0.204,780.61
202302,lng,271111,Nigeria,0.0379,0.0583,650.32
202302,lng,271111,Trinidad and Tobago,0.0243,0.0497,489.19
202302,lng,271111,Canada,0.0005,0.0007,669.04
202302,pipeline_gas,271121,Turkmenistan,0.7446,0.9044,823.34
202302,pipeline_gas,271121,Russian Federation,0.6482,0.7872,823.34
202302,pipeline_gas,271121,Myanmar,0.1337,0.1624,823.34
202302,pipeline_gas,271121,Kazakhstan,0.0007,0.0009,823.34
202303,coal,2701,Russian Federation,1.5978,8.8301,180.94
202303,coal,2701,Mongolia,0.8893,5.6904,156.28
202303,coal,2701,Indonesia,0.6285,5.3582,117.3
202303,coal,2701,Australia,0.3488,2.2152,157.44
202303,coal,2701,Canada,0.2729,0.9,303.25
202303,coal,2701,USA,0.1819,0.6881,264.35
202303,coal,2701,South Africa,0.0217,0.1632,132.69
202303,coal,2701,Mozambique,0.0206,0.0733,281.52
202303,coal,2701,Colombia,0.0159,0.0606,262.28
202303,coal,2701,Lao People's Dem. Rep.,0.0017,0.0169,101.27
202303,coal,2701,Kyrgyzstan,0.0002,0.0038,41.44
202303,coal,2701,Malaysia,0.0,0.0,4647.06
202303,coal,2701,India,0.0,0.0,22666.67
202303,crude_oil,2709,Saudi Arabia,5.3642,8.9016,602.61
202303,crude_oil,2709,Russian Federation,5.1852,9.6061,539.78
202303,crude_oil,2709,Iraq,3.5318,6.0717,581.69
202303,crude_oil,2709,Oman,2.39,3.8054,628.08
202303,crude_oil,2709,Malaysia,2.377,4.5543,521.92
202303,crude_oil,2709,United Arab Emirates,2.3604,3.7107,636.11
202303,crude_oil,2709,Brazil,2.1491,3.6305,591.95
202303,crude_oil,2709,Kuwait,2.076,3.3879,612.76
202303,crude_oil,2709,Angola,1.1632,1.9617,592.98
202303,crude_oil,2709,USA,0.5842,0.9139,639.22
202303,crude_oil,2709,Qatar,0.5837,0.9593,608.44
202303,crude_oil,2709,Congo,0.5185,0.8914,581.69
202303,crude_oil,2709,Colombia,0.473,0.9862,479.56
202303,crude_oil,2709,Kazakhstan,0.3793,0.6032,628.82
202303,crude_oil,2709,Australia,0.2405,0.3559,675.69
202303,crude_oil,2709,Canada,0.2309,0.4785,482.44
202303,crude_oil,2709,Equatorial Guinea,0.1653,0.2581,640.51
202303,crude_oil,2709,Norway,0.1608,0.275,584.91
202303,crude_oil,2709,Gabon,0.1528,0.249,613.58
202303,crude_oil,2709,Ecuador,0.1417,0.2677,529.17
202303,crude_oil,2709,Libya,0.0876,0.1388,631.18
202303,crude_oil,2709,Chad,0.0799,0.1323,604.04
202303,crude_oil,2709,Nigeria,0.0326,0.0508,642.44
202303,crude_oil,2709,Mongolia,0.0279,0.0506,550.9
202303,crude_oil,2709,Thailand,0.0221,0.038,581.69
202303,crude_oil,2709,Indonesia,0.0129,0.0199,649.81
202303,crude_oil,2709,Austria,0.0,0.0,11250.0
202303,crude_oil,2709,Cuba,0.0,0.0,18615.38
202303,crude_oil,2709,Sudan,0.0,0.0,7673.47
202303,lng,271111,Australia,1.1267,1.8855,597.57
202303,lng,271111,Qatar,0.7629,1.3153,580.01
202303,lng,271111,Malaysia,0.4033,0.6588,612.08
202303,lng,271111,Russian Federation,0.4012,0.5864,684.2
202303,lng,271111,USA,0.1679,0.2363,710.57
202303,lng,271111,Papua New Guinea,0.1503,0.2284,657.75
202303,lng,271111,Indonesia,0.0997,0.1314,758.89
202303,lng,271111,Egypt,0.0518,0.0662,782.23
202303,lng,271111,Oman,0.0446,0.0628,710.02
202303,lng,271111,Nigeria,0.039,0.0634,615.07
202303,lng,271111,Peru,0.039,0.0685,569.62
202303,lng,271111,Equatorial Guinea,0.0085,0.0121,702.7
202303,lng,271111,Canada,0.0003,0.0004,680.77
202303,pipeline_gas,271121,Turkmenistan,0.8107,0.9846,823.34
202303,pipeline_gas,271121,Russian Federation,0.5888,0.7151,823.34
202303,pipeline_gas,271121,Myanmar,0.1349,0.1638,823.34
202303,pipeline_gas,271121,Kazakhstan,0.0183,0.0222,823.34
202304,coal,2701,Russian Federation,1.352,8.0949,167.01
202304,coal,2701,Indonesia,0.7754,6.5563,118.27
202304,coal,2701,Mongolia,0.744,5.2393,142.01
202304,coal,2701,Australia,0.5294,3.8859,136.23
202304,coal,2701,USA,0.219,0.728,300.82
202304,coal,2701,Canada,0.189,0.6498,290.87
202304,coal,2701,Colombia,0.0181,0.0714,253.21
202304,coal,2701,Malaysia,0.0022,0.027,81.64
202304,coal,2701,Lao People's Dem. Rep.,0.0019,0.0181,102.18
202304,coal,2701,Kyrgyzstan,0.0003,0.0083,42.09
202304,coal,2701,Iran,0.0,0.0,135.0
202304,coal,2701,Kazakhstan,0.0,0.0005,61.81
202304,coal,2701,India,0.0,0.0,98.52
202304,crude_oil,2709,Saudi Arabia,5.2108,8.4591,616.0
202304,crude_oil,2709,Russian Federation,3.8086,7.1135,535.41
202304,crude_oil,2709,Iraq,2.6825,4.7157,568.84
202304,crude_oil,2709,Oman,2.2142,3.5409,625.32
202304,crude_oil,2709,Malaysia,2.1014,3.8949,539.52
202304,crude_oil,2709,United Arab Emirates,1.742,2.8766,605.57
202304,crude_oil,2709,Angola,1.1448,1.973,580.22
202304,crude_oil,2709,Brazil,1.1207,1.9674,569.62
202304,crude_oil,2709,Kuwait,0.782,1.3234,590.87
202304,crude_oil,2709,Qatar,0.5884,0.9724,605.07
202304,crude_oil,2709,USA,0.5659,0.9417,600.86
202304,crude_oil,2709,Congo,0.4455,0.7694,578.95
202304,crude_oil,2709,Libya,0.4077,0.6232,654.16
202304,crude_oil,2709,Kazakhstan,0.3288,0.5245,626.92
202304,crude_oil,2709,Canada,0.2839,0.6017,471.81
202304,crude_oil,2709,Colombia,0.2714,0.5458,497.26
202304,crude_oil,2709,Mexico,0.1589,0.2693,590.11
202304,crude_oil,2709,Ecuador,0.143,0.314,455.46
202304,crude_oil,2709,Gabon,0.1265,0.2181,580.33
202304,crude_oil,2709,Cameroon,0.0738,0.1286,574.07
202304,crude_oil,2709,Dem. Rep. of the Congo,0.0709,0.122,581.47
202304,crude_oil,2709,Equatorial Guinea,0.0415,0.0594,698.53
202304,crude_oil,2709,Nigeria,0.0356,0.051,696.97
202304,crude_oil,2709,Mongolia,0.0328,0.0592,553.3
202304,crude_oil,2709,Australia,0.0327,0.0519,631.38
202304,crude_oil,2709,New Zealand,0.0273,0.038,717.38
202304,crude_oil,2709,Singapore,0.0195,0.0361,541.3
202304,crude_oil,2709,Indonesia,0.0153,0.0208,737.27
202304,crude_oil,2709,Chad,0.0,0.0,375.24
202304,lng,271111,Australia,0.8962,1.4872,602.59
202304,lng,271111,Qatar,0.7434,1.2226,608.04
202304,lng,271111,Russian Federation,0.3318,0.5205,637.44
202304,lng,271111,Indonesia,0.2939,0.4202,699.31
202304,lng,271111,Malaysia,0.2086,0.3969,525.55
202304,lng,271111,Papua New Guinea,0.0923,0.1569,588.2
202304,lng,271111,Brunei Darussalam,0.0862,0.13,663.09
202304,lng,271111,United Arab Emirates,0.0444,0.0607,731.71
202304,lng,271111,Egypt,0.0443,0.0738,600.67
202304,lng,271111,Nigeria,0.0421,0.0628,669.95
202304,lng,271111,Algeria,0.0413,0.0662,623.44
202304,lng,271111,Oman,0.0391,0.0665,588.82
202304,lng,271111,Trinidad and Tobago,0.0262,0.0569,461.35
202304,lng,271111,Peru,0.0041,0.0068,597.9
202304,lng,271111,USA,0.0024,0.0032,743.56
202304,pipeline_gas,271121,Turkmenistan,0.9996,1.2141,823.34
202304,pipeline_gas,271121,Russian Federation,0.5694,0.6915,823.34
202304,pipeline_gas,271121,Myanmar,0.1302,0.1581,823.34
202304,pipeline_gas,271121,Kazakhstan,0.1195,0.1452,823.34
202304,pipeline_gas,271121,Uzbekistan,0.0405,0.0492,823.34
202305,coal,2701,Russian Federation,1.2648,8.8341,143.17
202305,coal,2701,Australia,0.7406,5.4167,136.73
202305,coal,2701,Indonesia,0.6305,5.4906,114.84
202305,coal,2701,Mongolia,0.5466,4.331,126.2
202305,coal,2701,Canada,0.1846,0.676,273.12
202305,coal,2701,USA,0.1074,0.4727,227.2
202305,coal,2701,Colombia,0.0406,0.2378,170.61
202305,coal,2701,Kazakhstan,0.0178,0.1143,155.82
202305,coal,2701,Iran,0.0062,0.065,95.32
202305,coal,2701,Lao People's Dem. Rep.,0.0006,0.0062,101.2
202305,coal,2701,Kyrgyzstan,0.0,0.0006,43.67
202305,coal,2701,United Rep. of Tanzania,0.0,0.0,3571.43
202305,coal,2701,Zambia,0.0,0.0,47.06
202305,crude_oil,2709,Russian Federation,5.2365,9.7049,539.58
202305,crude_oil,2709,Saudi Arabia,4.6359,7.3195,633.37
202305,crude_oil,2709,Iraq,2.991,5.0156,596.34
202305,crude_oil,2709,Malaysia,2.9281,5.6824,515.29
202305,crude_oil,2709,United Arab Emirates,2.743,4.2691,642.52
202305,crude_oil,2709,Oman,1.9741,3.1445,627.8
202305,crude_oil,2709,Brazil,1.9142,3.218,594.83
202305,crude_oil,2709,Angola,1.7006,2.7349,621.82
202305,crude_oil,2709,USA,1.3846,2.2225,622.99
202305,crude_oil,2709,Kuwait,1.35,2.1559,626.19
202305,crude_oil,2709,Kazakhstan,0.695,1.0709,648.96
202305,crude_oil,2709,Colombia,0.4644,0.9525,487.59
202305,crude_oil,2709,Qatar,0.4622,0.725,637.55
202305,crude_oil,2709,Gabon,0.3288,0.5416,607.05
202305,crude_oil,2709,Canada,0.3173,0.6311,502.72
202305,crude_oil,2709,Congo,0.312,0.5197,600.44
202305,crude_oil,2709,Libya,0.1819,0.276,658.85
202305,crude_oil,2709,Norway,0.165,0.2868,575.25
202305,crude_oil,2709,Equatorial Guinea,0.1585,0.2471,641.6
202305,crude_oil,2709,Ecuador,0.1367,0.2552,535.52
202305,crude_oil,2709,Australia,0.1164,0.1723,675.73
202305,crude_oil,2709,Papua New Guinea,0.0568,0.0775,732.54
202305,crude_oil,2709,Argentina,0.0362,0.0515,701.68
202305,crude_oil,2709,Nigeria,0.0313,0.0506,619.77
202305,crude_oil,2709,Mongolia,0.0307,0.0581,528.01
202305,crude_oil,2709,New Zealand,0.022,0.0337,652.01
202305,crude_oil,2709,Indonesia,0.0137,0.0208,656.76
202305,lng,271111,Australia,1.3359,2.318,576.34
202305,lng,271111,Qatar,0.7487,1.2013,623.2
202305,lng,271111,Russian Federation,0.5316,0.8891,597.92
202305,lng,271111,Malaysia,0.4822,0.9162,526.34
202305,lng,271111,Papua New Guinea,0.2086,0.3053,683.32
202305,lng,271111,Indonesia,0.162,0.2447,661.87
202305,lng,271111,USA,0.0924,0.1584,583.09
202305,lng,271111,United Arab Emirates,0.0715,0.1212,589.86
202305,lng,271111,Egypt,0.0499,0.0722,690.62
202305,lng,271111,Oman,0.04,0.0604,662.6
202305,lng,271111,Trinidad and Tobago,0.0301,0.0651,462.41
202305,lng,271111,Canada,0.0,0.0,1019.99
202305,pipeline_gas,271121,Turkmenistan,0.8347,1.0138,823.34
202305,pipeline_gas,271121,Russian Federation,0.4807,0.5839,823.34
202305,pipeline_gas,271121,Kazakhstan,0.1516,0.1842,823.34
202305,pipeline_gas,271121,Myanmar,0.0904,0.1098,823.34
202305,pipeline_gas,271121,Uzbekistan,0.0782,0.0949,823.34
202306,coal,2701,Russian Federation,1.3123,10.5786,124.06
202306,coal,2701,Australia,0.6439,4.8264,133.42
202306,coal,2701,Mongolia,0.5916,4.9278,120.05
202306,coal,2701,Indonesia,0.5502,4.9747,110.59
202306,coal,2701,Canada,0.2528,1.2449,203.03
202306,coal,2701,USA,0.1236,0.5868,210.68
202306,coal,2701,Colombia,0.0308,0.2305,133.46
202306,coal,2701,South Africa,0.0278,0.1794,155.2
202306,coal,2701,Kazakhstan,0.0143,0.1173,121.65
202306,coal,2701,Lao People's Dem. Rep.,0.0002,0.0025,95.0
202306,coal,2701,Kyrgyzstan,0.0,0.0004,62.21
202306,coal,2701,India,0.0,0.0,30000.0
202306,coal,2701,United Kingdom,0.0,0.0,2434.2
202306,crude_oil,2709,Russian Federation,5.4401,10.4946,518.38
202306,crude_oil,2709,Saudi Arabia,4.5732,7.9179,577.58
202306,crude_oil,2709,Malaysia,2.8667,6.1816,463.75
202306,crude_oil,2709,United Arab Emirates,2.38,4.0756,583.98
202306,crude_oil,2709,Iraq,2.264,4.096,552.75
202306,crude_oil,2709,Brazil,1.9055,3.374,564.74
202306,crude_oil,2709,Oman,1.8488,3.1224,592.09
202306,crude_oil,2709,USA,1.8065,3.0526,591.8
202306,crude_oil,2709,Kuwait,1.1343,1.9719,575.24
202306,crude_oil,2709,Angola,1.0537,1.8488,569.95
202306,crude_oil,2709,Canada,0.5544,1.1213,494.42
202306,crude_oil,2709,Congo,0.4252,0.7584,560.7
202306,crude_oil,2709,Qatar,0.3933,0.6876,572.04
202306,crude_oil,2709,Kazakhstan,0.2877,0.4798,599.54
202306,crude_oil,2709,Colombia,0.2653,0.5656,469.09
202306,crude_oil,2709,Chad,0.2402,0.4103,585.57
202306,crude_oil,2709,Mexico,0.2142,0.408,524.9
202306,crude_oil,2709,Gabon,0.2106,0.3812,552.49
202306,crude_oil,2709,Libya,0.1744,0.2714,642.32
202306,crude_oil,2709,Australia,0.1398,0.2247,622.27
202306,crude_oil,2709,Guyana,0.0777,0.1371,567.06
202306,crude_oil,2709,Equatorial Guinea,0.0773,0.1306,591.71
202306,crude_oil,2709,Ghana,0.0771,0.1267,608.45
202306,crude_oil,2709,Timor-Leste,0.048,0.078,616.03
202306,crude_oil,2709,Thailand,0.0275,0.0413,666.69
202306,crude_oil,2709,Mongolia,0.0257,0.0501,513.3
202306,crude_oil,2709,Viet Nam,0.0255,0.0392,649.86
202306,crude_oil,2709,Argentina,0.0,0.0,23270.83
202306,crude_oil,2709,Nigeria,0.0,0.0,18461.54
202306,lng,271111,Australia,1.1835,2.1521,549.94
202306,lng,271111,Qatar,0.6486,1.1675,555.53
202306,lng,271111,Russian Federation,0.4888,0.8498,575.13
202306,lng,271111,Indonesia,0.2365,0.3692,640.55
202306,lng,271111,Malaysia,0.2058,0.4177,492.82
202306,lng,271111,Papua New Guinea,0.0999,0.1478,676.2
202306,lng,271111,Brunei Darussalam,0.0828,0.1297,638.92
202306,lng,271111,Oman,0.071,0.1253,566.32
202306,lng,271111,Mozambique,0.0409,0.0873,467.98
202306,lng,271111,Peru,0.0405,0.0705,574.74
202306,lng,271111,Algeria,0.0383,0.0711,538.29
202306,lng,271111,USA,0.036,0.0655,550.44
202306,lng,271111,Equatorial Guinea,0.0343,0.0614,558.08
202306,lng,271111,Nigeria,0.0343,0.0646,530.21
202306,lng,271111,United Arab Emirates,0.0323,0.0591,545.61
202306,lng,271111,Trinidad and Tobago,0.027,0.0594,454.69
202306,pipeline_gas,271121,Turkmenistan,0.8047,0.9774,823.34
202306,pipeline_gas,271121,Russian Federation,0.5735,0.6965,823.34
202306,pipeline_gas,271121,Kazakhstan,0.1486,0.1804,823.34
202306,pipeline_gas,271121,Myanmar,0.1074,0.1304,823.34
202306,pipeline_gas,271121,Uzbekistan,0.0853,0.1036,823.34
202307,coal,2701,Russian Federation,0.9658,8.9921,107.41
202307,coal,2701,Australia,0.7252,6.3119,114.9
202307,coal,2701,Mongolia,0.5873,5.6745,103.49
202307,coal,2701,Indonesia,0.4749,4.9128,96.66
202307,coal,2701,Canada,0.111,0.5172,214.54
202307,coal,2701,USA,0.0755,0.3595,209.92
202307,coal,2701,South Africa,0.0701,0.5499,127.47
202307,coal,2701,Colombia,0.0485,0.3964,122.4
202307,coal,2701,Kazakhstan,0.0248,0.171,145.17
202307,coal,2701,United Rep. of Tanzania,0.0052,0.0546,95.19
202307,coal,2701,Lao People's Dem. Rep.,0.0005,0.0055,95.32
202307,coal,2701,Kyrgyzstan,0.0,0.0008,57.46
202307,coal,2701,United Kingdom,0.0,,
202307,crude_oil,2709,Russian Federation,4.2358,8.0608,525.48
202307,crude_oil,2709,Saudi Arabia,3.2201,5.6417,570.76
202307,crude_oil,2709,Iraq,2.9438,5.4012,545.03
202307,crude_oil,2709,United Arab Emirates,2.0864,3.5137,593.8
202307,crude_oil,2709,Oman,2.074,3.4896,594.33
202307,crude_oil,2709,Malaysia,1.9919,3.8677,515.0
202307,crude_oil,2709,Brazil,1.5249,2.7451,555.49
202307,crude_oil,2709,Angola,1.3713,2.4402,561.95
202307,crude_oil,2709,Kuwait,1.2861,2.2692,566.77
202307,crude_oil,2709,Qatar,0.5627,0.9718,579.03
202307,crude_oil,2709,Canada,0.4693,0.945,496.62
202307,crude_oil,2709,Colombia,0.4548,0.9578,474.84
202307,crude_oil,2709,Congo,0.4253,0.7698,552.53
202307,crude_oil,2709,USA,0.408,0.6849,595.76
202307,crude_oil,2709,Kazakhstan,0.2072,0.3593,576.64
202307,crude_oil,2709,Libya,0.168,0.2773,605.87
202307,crude_oil,2709,Ghana,0.1535,0.2573,596.43
202307,crude_oil,2709,Chad,0.1491,0.2666,559.26
202307,crude_oil,2709,Gabon,0.1485,0.2531,586.79
202307,crude_oil,2709,Australia,0.0944,0.1502,628.51
202307,crude_oil,2709,Mexico,0.0681,0.1318,516.6
202307,crude_oil,2709,Equatorial Guinea,0.0539,0.0814,662.67
202307,crude_oil,2709,Papua New Guinea,0.0512,0.0815,628.6
202307,crude_oil,2709,Mongolia,0.0316,0.06,527.58
202307,crude_oil,2709,Niger,0.0,0.0,6694.74
202307,lng,271111,Australia,1.1671,2.207,528.82
202307,lng,271111,Qatar,0.7282,1.2554,580.07
202307,lng,271111,Russian Federation,0.3088,0.5799,532.5
202307,lng,271111,Malaysia,0.2437,0.5223,466.57
202307,lng,271111,USA,0.1756,0.3531,497.15
202307,lng,271111,Papua New Guinea,0.1592,0.2383,668.06
202307,lng,271111,Indonesia,0.1397,0.2371,589.18
202307,lng,271111,Nigeria,0.1389,0.2558,543.01
202307,lng,271111,Brunei Darussalam,0.0448,0.0677,661.61
202307,lng,271111,United Arab Emirates,0.03,0.0649,463.12
202307,lng,271111,Mozambique,0.0227,0.0554,408.77
202307,pipeline_gas,271121,Turkmenistan,0.799,0.9704,823.34
202307,pipeline_gas,271121,Russian Federation,0.5556,0.6748,823.34
202307,pipeline_gas,271121,Kazakhstan,0.1656,0.2012,823.34
202307,pipeline_gas,271121,Myanmar,0.1239,0.1505,823.34
202307,pipeline_gas,271121,Uzbekistan,0.0914,0.111,823.34
202307,pipeline_gas,271121,Gabon,0.0,0.0,823.34
202307,pipeline_gas,271121,USA,0.0,0.0001,823.34
202308,coal,2701,Russian Federation,1.0715,9.9641,107.53
202308,coal,2701,Mongolia,0.7253,6.8443,105.97
202308,coal,2701,Australia,0.6984,6.686,104.45
202308,coal,2701,Indonesia,0.5434,5.892,92.23
202308,coal,2701,Canada,0.0923,0.4206,219.44
202308,coal,2701,Colombia,0.0804,0.6287,127.93
202308,coal,2701,USA,0.0592,0.3841,154.09
202308,coal,2701,Mozambique,0.0144,0.0809,178.06
202308,coal,2701,Kazakhstan,0.0115,0.0864,133.25
202308,coal,2701,South Africa,0.0103,0.0821,125.15
202308,coal,2701,New Zealand,0.0067,0.0321,210.07
202308,coal,2701,Lao People's Dem. Rep.,0.0003,0.0036,96.6
202308,coal,2701,Kyrgyzstan,0.0001,0.0019,39.33
202308,coal,2701,Myanmar,0.0,0.0,56.09
202308,coal,2701,India,0.0,0.0,17500.0
202308,crude_oil,2709,Russian Federation,5.9274,10.5421,562.26
202308,crude_oil,2709,Saudi Arabia,4.9664,8.0058,620.36
202308,crude_oil,2709,Iraq,3.095,5.3676,576.6
202308,crude_oil,2709,Malaysia,3.0641,5.7193,535.75
202308,crude_oil,2709,Angola,2.4314,4.1693,583.17
202308,crude_oil,2709,United Arab Emirates,2.2497,3.6892,609.82
202308,crude_oil,2709,Brazil,1.9969,3.4167,584.46
202308,crude_oil,2709,Oman,1.5731,2.5073,627.39
202308,crude_oil,2709,Kuwait,1.0991,1.7974,611.51
202308,crude_oil,2709,Qatar,0.8365,1.3752,608.28
202308,crude_oil,2709,Congo,0.4538,0.7624,595.14
202308,crude_oil,2709,Canada,0.4493,0.8515,527.66
202308,crude_oil,2709,Colombia,0.4024,0.7687,523.44
202308,crude_oil,2709,United Kingdom,0.3426,0.537,638.0
202308,crude_oil,2709,Chad,0.2454,0.3952,621.06
202308,crude_oil,2709,USA,0.2414,0.392,615.68
202308,crude_oil,2709,Mexico,0.2157,0.4007,538.25
202308,crude_oil,2709,Equatorial Guinea,0.1787,0.2878,620.68
202308,crude_oil,2709,Australia,0.1648,0.2348,701.6
202308,crude_oil,2709,Kazakhstan,0.1607,0.2826,568.72
202308,crude_oil,2709,Ecuador,0.1338,0.259,516.65
202308,crude_oil,2709,Ghana,0.1289,0.1887,682.75
202308,crude_oil,2709,Libya,0.0837,0.1392,601.0
202308,crude_oil,2709,Nigeria,0.0818,0.1245,656.8
202308,crude_oil,2709,Cameroon,0.0781,0.1351,578.22
202308,crude_oil,2709,Gabon,0.0676,0.1276,529.92
202308,crude_oil,2709,Papua New Guinea,0.0531,0.082,648.1
202308,crude_oil,2709,Sudan,0.0494,0.0825,598.76
202308,crude_oil,2709,Mongolia,0.028,0.0491,570.11
202308,crude_oil,2709,Guyana,0.0245,0.0406,602.81
202308,crude_oil,2709,Thailand,0.0234,0.0412,567.71
202308,crude_oil,2709,Indonesia,0.0137,0.0208,660.33
202308,crude_oil,2709,Albania,0.0,0.0,12288.89
202308,crude_oil,2709,Niger,0.0,,
202308,crude_oil,2709,Singapore,0.0,,
202308,lng,271111,Australia,1.1399,2.1243,536.58
202308,lng,271111,Qatar,0.7132,1.2572,567.31
202308,lng,271111,Russian Federation,0.5603,0.9961,562.49
202308,lng,271111,USA,0.3253,0.5263,618.15
202308,lng,271111,Malaysia,0.2881,0.5788,497.82
202308,lng,271111,Indonesia,0.2195,0.3396,646.49
202308,lng,271111,Papua New Guinea,0.1789,0.2877,621.78
202308,lng,271111,Mozambique,0.0365,0.0733,497.49
202308,lng,271111,United Arab Emirates,0.0313,0.0547,573.11
202308,lng,271111,Canada,0.0,0.0001,487.13
202308,pipeline_gas,271121,Turkmenistan,0.776,0.9424,823.34
202308,pipeline_gas,271121,Russian Federation,0.5193,0.6308,823.34
202308,pipeline_gas,271121,Kazakhstan,0.1694,0.2057,823.34
202308,pipeline_gas,271121,Myanmar,0.1321,0.1605,823.34
202308,pipeline_gas,271121,Uzbekistan,0.0753,0.0914,823.34
202309,coal,2701,Russian Federation,1.0116,9.1695,110.32
202309,coal,2701,Mongolia,0.682,6.355,107.32
202309,coal,2701,Indonesia,0.5279,5.6798,92.95
202309,coal,2701,Australia,0.5127,4.901,104.62
202309,coal,2701,Canada,0.2183,0.9698,225.14
202309,coal,2701,USA,0.1316,0.8584,153.26
202309,coal,2701,Colombia,0.0768,0.6544,117.31
202309,coal,2701,Mozambique,0.0518,0.2971,174.45
202309,coal,2701,South Africa,0.0256,0.23,111.21
202309,coal,2701,Viet Nam,0.0127,0.0458,276.72
202309,coal,2701,Ukraine,0.01,0.0482,207.0
202309,coal,2701,Kazakhstan,0.0005,0.0039,123.87
202309,coal,2701,Lao People's Dem. Rep.,0.0003,0.0028,97.48
202309,coal,2701,Kyrgyzstan,0.0001,0.004,33.73
202309,coal,2701,India,0.0,0.0,75.5
202309,crude_oil,2709,Russian Federation,5.3552,8.7367,612.96
202309,crude_oil,2709,Saudi Arabia,4.3949,6.5683,669.11
202309,crude_oil,2709,Iraq,3.1881,5.0689,628.96
202309,crude_oil,2709,Malaysia,2.8663,5.2064,550.54
202309,crude_oil,2709,Oman,2.269,3.4073,665.91
202309,crude_oil,2709,Brazil,2.0045,3.1909,628.2
202309,crude_oil,2709,United Arab Emirates,1.8547,2.8538,649.89
202309,crude_oil,2709,Angola,1.3597,2.1121,643.75
202309,crude_oil,2709,Kuwait,0.9954,1.5298,650.64
202309,crude_oil,2709,Qatar,0.8221,1.2508,657.29
202309,crude_oil,2709,USA,0.7165,1.0677,671.03
202309,crude_oil,2709,Kazakhstan,0.4181,0.6096,685.89
202309,crude_oil,2709,Congo,0.4037,0.6283,642.45
202309,crude_oil,2709,Canada,0.2415,0.4281,564.22
202309,crude_oil,2709,Gabon,0.2329,0.3548,656.4
202309,crude_oil,2709,Colombia,0.2181,0.3797,574.47
202309,crude_oil,2709,Ghana,0.2116,0.3088,685.12
202309,crude_oil,2709,Ecuador,0.1896,0.335,566.09
202309,crude_oil,2709,Libya,0.1836,0.276,665.36
202309,crude_oil,2709,United Kingdom,0.1751,0.2547,687.41
202309,crude_oil,2709,Equatorial Guinea,0.1424,0.2063,690.37
202309,crude_oil,2709,Guyana,0.0895,0.1374,651.36
202309,crude_oil,2709,Nigeria,0.0892,0.1245,716.17
202309,crude_oil,2709,Cameroon,0.0888,0.1359,653.42
202309,crude_oil,2709,South Sudan,0.0869,0.1297,670.15
202309,crude_oil,2709,Côte d'Ivoire,0.0848,0.1381,613.98
202309,crude_oil,2709,Papua New Guinea,0.055,0.0804,684.74
202309,crude_oil,2709,Algeria,0.0458,0.0619,740.5
202309,crude_oil,2709,Australia,0.0427,0.0666,641.35
202309,crude_oil,2709,Mongolia,0.0307,0.0494,621.75
202309,crude_oil,2709,Thailand,0.0234,0.0393,594.65
202309,crude_oil,2709,Albania,0.0,0.0,11617.65
202309,crude_oil,2709,Bahrain,0.0,0.0,31200.0
202309,crude_oil,2709,Chad,0.0,,
202309,lng,271111,Australia,0.9302,1.6777,554.46
202309,lng,271111,Qatar,0.6929,1.2831,540.05
202309,lng,271111,Russian Federation,0.437,0.7407,589.92
202309,lng,271111,Indonesia,0.3018,0.4795,629.51
202309,lng,271111,Malaysia,0.2228,0.4614,482.89
202309,lng,271111,USA,0.1929,0.33,584.55
202309,lng,271111,Mozambique,0.1003,0.1955,513.01
202309,lng,271111,Algeria,0.0802,0.1306,614.3
202309,lng,271111,Brunei Darussalam,0.0791,0.1292,612.33
202309,lng,271111,Papua New Guinea,0.0545,0.0817,667.12
202309,lng,271111,Oman,0.0357,0.0625,571.61
202309,lng,271111,Nigeria,0.034,0.0634,535.67
202309,lng,271111,Singapore,0.005,0.0091,545.49
202309,pipeline_gas,271121,Turkmenistan,0.777,0.9437,823.34
202309,pipeline_gas,271121,Russian Federation,0.5197,0.6313,823.34
202309,pipeline_gas,271121,Kazakhstan,0.1668,0.2026,823.34
202309,pipeline_gas,271121,Myanmar,0.1277,0.1551,823.34
202309,pipeline_gas,271121,Uzbekistan,0.0416,0.0506,823.34
202309,pipeline_gas,271121,USA,0.0,0.0,823.34
202310,coal,2701,Russian Federation,0.9271,7.6281,121.54
202310,coal,2701,Australia,0.5681,4.9907,113.82
202310,coal,2701,Mongolia,0.533,4.7486,112.24
202310,coal,2701,Indonesia,0.3623,3.8282,94.64
202310,coal,2701,Canada,0.2459,1.0435,235.62
202310,coal,2701,USA,0.1516,0.857,176.95
202310,coal,2701,Ukraine,0.0181,0.0775,233.0
202310,coal,2701,Mozambique,0.0158,0.08,198.04
202310,coal,2701,Viet Nam,0.0155,0.0425,364.8
202310,coal,2701,Colombia,0.0105,0.055,190.05
202310,coal,2701,Malaysia,0.0076,0.1083,70.04
202310,coal,2701,Kazakhstan,0.0021,0.0224,95.72
202310,coal,2701,Lao People's Dem. Rep.,0.0005,0.0054,92.48
202310,coal,2701,Kyrgyzstan,0.0004,0.0074,50.3
202310,coal,2701,Belgium,0.0,0.0,22448.6
202310,coal,2701,Rep. of Korea,0.0,0.0,21285.71
202310,coal,2701,United Rep. of Tanzania,0.0,0.0,7269.23
202310,crude_oil,2709,Russian Federation,5.5434,8.5343,649.55
202310,crude_oil,2709,Saudi Arabia,4.6491,6.6372,700.46
202310,crude_oil,2709,Malaysia,3.249,5.8681,553.68
202310,crude_oil,2709,Iraq,2.9987,4.4897,667.9
202310,crude_oil,2709,United Arab Emirates,2.5436,3.6168,703.27
202310,crude_oil,2709,Angola,2.3087,3.3815,682.75
202310,crude_oil,2709,Brazil,2.2079,3.2634,676.58
202310,crude_oil,2709,Oman,1.9767,2.8045,704.82
202310,crude_oil,2709,Kuwait,1.781,2.5584,696.13
202310,crude_oil,2709,USA,0.8335,1.1586,719.43
202310,crude_oil,2709,Congo,0.6125,0.8957,683.86
202310,crude_oil,2709,Ecuador,0.6089,0.9864,617.28
202310,crude_oil,2709,Colombia,0.6033,0.9944,606.65
202310,crude_oil,2709,Qatar,0.4788,0.6766,707.67
202310,crude_oil,2709,Kazakhstan,0.3551,0.4921,721.61
202310,crude_oil,2709,Canada,0.3419,0.5437,628.88
202310,crude_oil,2709,Mexico,0.2371,0.4104,577.82
202310,crude_oil,2709,Gabon,0.1738,0.2545,682.88
202310,crude_oil,2709,Libya,0.1608,0.2284,703.87
202310,crude_oil,2709,South Sudan,0.1595,0.2279,699.94
202310,crude_oil,2709,Nigeria,0.1145,0.1642,697.63
202310,crude_oil,2709,Australia,0.1136,0.1467,774.57
202310,crude_oil,2709,Dem. Rep. of the Congo,0.0897,0.1238,724.64
202310,crude_oil,2709,Chad,0.0885,0.1265,699.08
202310,crude_oil,2709,Argentina,0.0768,0.1139,673.81
202310,crude_oil,2709,Norway,0.0693,0.0888,780.84
202310,crude_oil,2709,Papua New Guinea,0.0648,0.0816,794.06
202310,crude_oil,2709,Mongolia,0.0375,0.059,634.9
202310,crude_oil,2709,Mozambique,0.0223,0.0299,746.59
202310,crude_oil,2709,Bahrain,0.0,0.0,77000.0
202310,crude_oil,2709,Niger,0.0,0.0,6653.06
202310,lng,271111,Australia,0.9476,1.7309,547.48
202310,lng,271111,Qatar,0.6908,1.2167,567.79
202310,lng,271111,Russian Federation,0.4178,0.7396,564.89
202310,lng,271111,Malaysia,0.2429,0.4599,528.18
202310,lng,271111,USA,0.1644,0.2587,635.41
202310,lng,271111,Papua New Guinea,0.1483,0.2257,657.12
202310,lng,271111,Oman,0.1233,0.2029,607.44
202310,lng,271111,Indonesia,0.087,0.1307,665.8
202310,lng,271111,Brunei Darussalam,0.0421,0.0678,620.41
202310,lng,271111,United Arab Emirates,0.03,0.0628,476.9
202310,lng,271111,Mozambique,0.0089,0.0149,594.06
202310,lng,271111,Singapore,0.0048,0.0087,550.88
202310,pipeline_gas,271121,Turkmenistan,0.6662,0.9919,671.61
202310,pipeline_gas,271121,Russian Federation,0.386,0.5748,671.61
202310,pipeline_gas,271121,Kazakhstan,0.1316,0.196,671.61
202310,pipeline_gas,271121,Myanmar,0.1133,0.1687,671.61
202310,pipeline_gas,271121,Uzbekistan,0.0424,0.0631,671.61
202311,coal,2701,Russian Federation,0.9609,7.3064,131.51
202311,coal,2701,Mongolia,0.9144,7.5966,120.36
202311,coal,2701,Australia,0.7364,6.309,116.72
202311,coal,2701,Indonesia,0.5344,5.3904,99.15
202311,coal,2701,USA,0.1913,0.9972,191.8
202311,coal,2701,Canada,0.1367,0.4902,278.85
202311,coal,2701,Colombia,0.0877,0.7698,113.94
202311,coal,2701,Mozambique,0.028,0.13,214.99
202311,coal,2701,New Zealand,0.028,0.1249,224.02
202311,coal,2701,Malaysia,0.0084,0.1062,79.54
202311,coal,2701,Viet Nam,0.0078,0.033,236.19
202311,coal,2701,Kazakhstan,0.0073,0.0579,125.2
202311,coal,2701,Oman,0.0031,0.0325,95.0
202311,coal,2701,Kyrgyzstan,0.0005,0.0108,48.58
202311,coal,2701,Lao People's Dem. Rep.,0.0004,0.0039,94.99
202311,coal,2701,Myanmar,0.0,0.0001,55.71
202311,coal,2701,Rep. of Korea,0.0,0.0,81000.0
202311,crude_oil,2709,Russian Federation,5.5234,8.9965,613.95
202311,crude_oil,2709,Saudi Arabia,4.4691,6.6046,676.67
202311,crude_oil,2709,Iraq,2.765,4.2766,646.54
202311,crude_oil,2709,Oman,2.3905,3.4481,693.29
202311,crude_oil,2709,Brazil,2.1497,3.186,674.73
202311,crude_oil,2709,Malaysia,2.1293,3.9046,545.33
202311,crude_oil,2709,United Arab Emirates,2.0508,2.99,685.89
202311,crude_oil,2709,Angola,1.4182,2.0886,679.02
202311,crude_oil,2709,Kuwait,1.1948,1.8098,660.19
202311,crude_oil,2709,USA,0.7379,1.0569,698.19
202311,crude_oil,2709,Kazakhstan,0.5558,0.7663,725.36
202311,crude_oil,2709,Qatar,0.3743,0.5534,676.25
202311,crude_oil,2709,Congo,0.3515,0.5122,686.16
202311,crude_oil,2709,Ecuador,0.3364,0.5641,596.27
202311,crude_oil,2709,Colombia,0.2638,0.4556,579.04
202311,crude_oil,2709,Canada,0.1658,0.2724,608.82
202311,crude_oil,2709,Ghana,0.0991,0.1317,752.45
202311,crude_oil,2709,United Kingdom,0.0951,0.1395,681.8
202311,crude_oil,2709,Gabon,0.0914,0.1207,757.42
202311,crude_oil,2709,Dem. Rep. of the Congo,0.0778,0.1183,657.15
202311,crude_oil,2709,South Sudan,0.0603,0.0909,663.08
202311,crude_oil,2709,Libya,0.055,0.0811,678.39
202311,crude_oil,2709,Sudan,0.0542,0.0775,699.09
202311,crude_oil,2709,Equatorial Guinea,0.0454,0.0587,773.38
202311,crude_oil,2709,Mongolia,0.0307,0.0514,598.58
202311,crude_oil,2709,Timor-Leste,0.0261,0.0375,695.86
202311,crude_oil,2709,Algeria,0.0225,0.0347,648.51
202311,crude_oil,2709,Albania,0.0,0.0,18652.17
202311,crude_oil,2709,Bahrain,0.0,0.0,31500.0
202311,crude_oil,2709,China,0.0,0.0,3140.03
202311,crude_oil,2709,Cuba,0.0,,
202311,crude_oil,2709,Guyana,0.0,0.0,5641.67
202311,lng,271111,Australia,1.6424,2.6069,630.03
202311,lng,271111,Qatar,0.7666,1.2857,596.21
202311,lng,271111,Malaysia,0.388,0.7281,532.93
202311,lng,271111,Russian Federation,0.3773,0.6096,618.88
202311,lng,271111,Indonesia,0.2281,0.3572,638.57
202311,lng,271111,Papua New Guinea,0.1548,0.2242,690.59
202311,lng,271111,USA,0.1544,0.215,717.98
202311,lng,271111,Nigeria,0.1135,0.1892,600.0
202311,lng,271111,Oman,0.0964,0.12,803.33
202311,lng,271111,Brunei Darussalam,0.0875,0.1287,679.9
202311,lng,271111,Mozambique,0.0816,0.1297,629.14
202311,lng,271111,Türkiye,0.0622,0.0725,857.96
202311,lng,271111,Trinidad and Tobago,0.0396,0.0667,593.31
202311,pipeline_gas,271121,Turkmenistan,0.7502,1.1171,671.61
202311,pipeline_gas,271121,Russian Federation,0.5189,0.7727,671.61
202311,pipeline_gas,271121,Kazakhstan,0.143,0.213,671.61
202311,pipeline_gas,271121,Myanmar,0.1109,0.1651,671.61
202311,pipeline_gas,271121,Uzbekistan,0.0546,0.0813,671.61
202312,coal,2701,Russian Federation,1.0425,7.5918,137.32
202312,coal,2701,Mongolia,1.0199,7.7675,131.31
202312,coal,2701,Australia,0.8155,6.7143,121.45
202312,coal,2701,Indonesia,0.7653,6.902,110.87
202312,coal,2701,Canada,0.2172,0.7788,278.86
202312,coal,2701,Colombia,0.1291,1.2138,106.32
202312,coal,2701,USA,0.0884,0.3846,229.77
202312,coal,2701,Mozambique,0.0236,0.13,181.52
202312,coal,2701,Viet Nam,0.0194,0.0682,284.5
202312,coal,2701,Kazakhstan,0.0019,0.0169,109.84
202312,coal,2701,Kyrgyzstan,0.0006,0.0138,46.33
202312,coal,2701,Lao People's Dem. Rep.,0.0006,0.0064,97.38
202312,coal,2701,Zimbabwe,0.0,0.0,10185.57
202312,crude_oil,2709,Russian Federation,5.5546,9.5591,581.08
202312,crude_oil,2709,Saudi Arabia,3.8225,5.9874,638.43
202312,crude_oil,2709,Iraq,3.1928,5.129,622.5
202312,crude_oil,2709,Oman,2.578,3.9421,653.96
202312,crude_oil,2709,United Arab Emirates,2.3549,3.6368,647.52
202312,crude_oil,2709,Malaysia,2.2913,4.645,493.28
202312,crude_oil,2709,Brazil,2.1633,3.4837,620.97
202312,crude_oil,2709,Angola,1.9373,3.037,637.9
202312,crude_oil,2709,Kuwait,1.1946,1.9129,624.48
202312,crude_oil,2709,USA,0.7348,1.1566,635.34
202312,crude_oil,2709,Canada,0.6245,1.1468,544.52
202312,crude_oil,2709,Colombia,0.5646,1.0294,548.5
202312,crude_oil,2709,Qatar,0.4314,0.6891,626.09
202312,crude_oil,2709,Congo,0.3728,0.5772,645.86
202312,crude_oil,2709,Kazakhstan,0.3712,0.54,687.45
202312,crude_oil,2709,United Kingdom,0.2929,0.429,682.68
202312,crude_oil,2709,Ecuador,0.1688,0.3231,522.34
202312,crude_oil,2709,Equatorial Guinea,0.1671,0.2546,656.26
202312,crude_oil,2709,Australia,0.1143,0.1584,721.13
202312,crude_oil,2709,Libya,0.1057,0.156,677.82
202312,crude_oil,2709,Ghana,0.0853,0.1259,677.63
202312,crude_oil,2709,Gabon,0.0789,0.1276,618.51
202312,crude_oil,2709,Argentina,0.0661,0.1115,593.0
202312,crude_oil,2709,South Sudan,0.0474,0.0781,606.5
202312,crude_oil,2709,Algeria,0.0315,0.0504,626.2
202312,crude_oil,2709,Mongolia,0.0259,0.0463,559.37
202312,crude_oil,2709,Mozambique,0.0199,0.0313,636.93
202312,crude_oil,2709,Bahrain,0.0,0.0,13355.56
202312,lng,271111,Australia,1.8144,2.4974,726.51
202312,lng,271111,Qatar,1.3172,2.1088,624.6
202312,lng,271111,Malaysia,0.4772,0.7155,666.93
202312,lng,271111,USA,0.3845,0.5229,735.23
202312,lng,271111,Russian Federation,0.3844,0.5095,754.49
202312,lng,271111,Indonesia,0.3617,0.5185,697.68
202312,lng,271111,Nigeria,0.254,0.3568,712.08
202312,lng,271111,Papua New Guinea,0.1531,0.2214,691.28
202312,lng,271111,Oman,0.1514,0.1917,789.56
202312,lng,271111,United Arab Emirates,0.1408,0.1856,758.69
202312,lng,271111,Mozambique,0.0928,0.1266,733.05
202312,lng,271111,Algeria,0.0635,0.0703,903.91
202312,lng,271111,Equatorial Guinea,0.0627,0.0678,924.85
202312,lng,271111,Trinidad and Tobago,0.062,0.0691,897.75
202312,lng,271111,Cameroon,0.0431,0.0725,595.42
202312,lng,271111,Brunei Darussalam,0.0381,0.0643,593.28
202312,pipeline_gas,271121,Turkmenistan,0.7763,1.1559,671.61
202312,pipeline_gas,271121,Russian Federation,0.5494,0.818,671.61
202312,pipeline_gas,271121,Myanmar,0.1185,0.1765,671.61
202312,pipeline_gas,271121,Kazakhstan,0.1097,0.1633,671.61
202312,pipeline_gas,271121,Uzbekistan,0.0545,0.0812,671.61
202401,coal,2701,Russian Federation,0.8333,6.0924,136.78
202401,coal,2701,Australia,0.746,5.753,129.67
202401,coal,2701,Indonesia,0.7152,6.5618,109.0
202401,coal,2701,Mongolia,0.7143,5.7764,123.66
202401,coal,2701,Canada,0.2656,0.9903,268.2
202401,coal,2701,USA,0.113,0.6237,181.25
202401,coal,2701,Colombia,0.0714,0.4834,147.77
202401,coal,2701,South Africa,0.014,0.1178,118.85
202401,coal,2701,Mozambique,0.0101,0.042,240.95
202401,coal,2701,Malaysia,0.008,0.0986,81.57
202401,coal,2701,New Zealand,0.0078,0.0638,122.11
202401,coal,2701,Peru,0.0049,0.0336,145.13
202401,coal,2701,Kazakhstan,0.0015,0.0142,108.32
202401,coal,2701,Kyrgyzstan,0.0007,0.0146,45.53
202401,coal,2701,Lao People's Dem. Rep.,0.0006,0.0061,99.51
202401,coal,2701,Myanmar,0.0,0.001,40.94
202401,coal,2701,India,0.0,0.0,83333.33
202401,coal,2701,Zimbabwe,0.0,0.0,8000.0
202401,crude_oil,2709,Russian Federation,4.8563,8.6184,563.47
202401,crude_oil,2709,Saudi Arabia,3.9652,6.5037,609.69
202401,crude_oil,2709,Iraq,2.9805,5.1621,577.39
202401,crude_oil,2709,Oman,2.34,3.817,613.04
202401,crude_oil,2709,Malaysia,2.2498,4.2171,533.49
202401,crude_oil,2709,Brazil,2.0022,3.363,595.35
202401,crude_oil,2709,United Arab Emirates,1.8561,2.9881,621.14
202401,crude_oil,2709,Angola,1.2961,2.1965,590.08
202401,crude_oil,2709,Kuwait,1.1581,1.9152,604.67
202401,crude_oil,2709,USA,0.6291,1.0221,615.46
202401,crude_oil,2709,Qatar,0.46,0.7671,599.69
202401,crude_oil,2709,Canada,0.4481,0.8369,535.42
202401,crude_oil,2709,Congo,0.3756,0.6419,585.07
202401,crude_oil,2709,Colombia,0.2487,0.4709,528.13
202401,crude_oil,2709,Gabon,0.1491,0.2483,600.46
202401,crude_oil,2709,Kazakhstan,0.1355,0.2163,626.54
202401,crude_oil,2709,Equatorial Guinea,0.1192,0.189,630.82
202401,crude_oil,2709,Nigeria,0.0996,0.1724,577.82
202401,crude_oil,2709,Chad,0.087,0.139,625.59
202401,crude_oil,2709,Guyana,0.0822,0.136,604.22
202401,crude_oil,2709,United Kingdom,0.082,0.1277,642.45
202401,crude_oil,2709,Dem. Rep. of the Congo,0.0769,0.1198,641.98
202401,crude_oil,2709,Papua New Guinea,0.0553,0.0823,671.83
202401,crude_oil,2709,Libya,0.0418,0.0666,627.18
202401,crude_oil,2709,Mongolia,0.0318,0.0574,553.93
202401,crude_oil,2709,South Sudan,0.019,0.0301,632.63
202401,crude_oil,2709,Argentina,0.0178,0.03,593.0
202401,crude_oil,2709,Indonesia,0.0157,0.0313,500.65
202401,lng,271111,Australia,1.333,2.256,590.89
202401,lng,271111,Qatar,1.1413,1.8968,601.73
202401,lng,271111,Russian Federation,0.5239,0.7357,712.17
202401,lng,271111,Malaysia,0.4449,0.8451,526.53
202401,lng,271111,USA,0.2518,0.3918,642.59
202401,lng,271111,Indonesia,0.2306,0.3738,616.98
202401,lng,271111,Papua New Guinea,0.1147,0.157,730.75
202401,lng,271111,Nigeria,0.0938,0.1294,725.09
202401,lng,271111,Brunei Darussalam,0.0849,0.1237,686.5
202401,lng,271111,Egypt,0.0807,0.1268,636.44
202401,lng,271111,Equatorial Guinea,0.0504,0.0595,846.89
202401,lng,271111,Oman,0.0503,0.064,785.68
202401,lng,271111,United Arab Emirates,0.0293,0.0624,469.17
202401,lng,271111,Canada,0.0002,0.0004,481.57
202401,pipeline_gas,271121,Turkmenistan,0.7816,1.5492,504.54
202401,pipeline_gas,271121,Russian Federation,0.6132,1.2154,504.54
202401,pipeline_gas,271121,Myanmar,0.1218,0.2413,504.54
202401,pipeline_gas,271121,Kazakhstan,0.0724,0.1434,504.54
202401,pipeline_gas,271121,Uzbekistan,0.0388,0.0768,504.54
202402,coal,2701,Russian Federation,0.7051,5.3028,132.97
202402,coal,2701,Australia,0.5902,5.0115,117.76
202402,coal,2701,Mongolia,0.5804,4.4146,131.48
202402,coal,2701,Indonesia,0.4645,4.6734,99.39
202402,coal,2701,Canada,0.193,0.7415,260.31
202402,coal,2701,USA,0.1826,0.9415,193.97
202402,coal,2701,Ukraine,0.0125,0.0509,245.5
202402,coal,2701,Colombia,0.0122,0.0554,220.0
202402,coal,2701,South Africa,0.0083,0.0792,104.46
202402,coal,2701,Malaysia,0.0018,0.0231,78.56
202402,coal,2701,Kazakhstan,0.0007,0.0076,98.53
202402,coal,2701,Lao People's Dem. Rep.,0.0004,0.0043,90.46
202402,coal,2701,Kyrgyzstan,0.0002,0.004,43.25
202402,coal,2701,Myanmar,0.0,0.0005,40.94
202402,coal,2701,Iran,0.0,0.0001,157.13
202402,coal,2701,United Arab Emirates,0.0,0.0,183.64
202402,coal,2701,United Rep. of Tanzania,0.0,0.0,148.15
202402,crude_oil,2709,Russian Federation,5.3009,9.0955,582.81
202402,crude_oil,2709,Saudi Arabia,4.2452,6.987,607.59
202402,crude_oil,2709,Iraq,2.8875,4.9841,579.35
202402,crude_oil,2709,Malaysia,2.7203,4.7084,577.76
202402,crude_oil,2709,United Arab Emirates,2.0867,3.4192,610.3
202402,crude_oil,2709,Oman,1.6308,2.6767,609.27
202402,crude_oil,2709,Brazil,1.5291,2.5846,591.63
202402,crude_oil,2709,Angola,1.4729,2.4854,592.64
202402,crude_oil,2709,Qatar,0.5954,0.9913,600.61
202402,crude_oil,2709,USA,0.4786,0.7575,631.83
202402,crude_oil,2709,Colombia,0.44,0.838,525.04
202402,crude_oil,2709,Kuwait,0.3996,0.658,607.37
202402,crude_oil,2709,Congo,0.3011,0.5076,593.17
202402,crude_oil,2709,Ecuador,0.253,0.4738,533.93
202402,crude_oil,2709,Norway,0.2381,0.4078,583.81
202402,crude_oil,2709,Canada,0.1827,0.3426,533.28
202402,crude_oil,2709,Venezuela,0.1746,0.3525,495.27
202402,crude_oil,2709,Ghana,0.1618,0.253,639.56
202402,crude_oil,2709,Gabon,0.1591,0.2578,617.21
202402,crude_oil,2709,Mexico,0.1483,0.2706,548.02
202402,crude_oil,2709,Equatorial Guinea,0.1152,0.1832,628.86
202402,crude_oil,2709,Libya,0.0891,0.1391,640.95
202402,crude_oil,2709,United Kingdom,0.082,0.1277,642.45
202402,crude_oil,2709,Chad,0.0796,0.132,603.33
202402,crude_oil,2709,Dem. Rep. of the Congo,0.0771,0.1244,620.09
202402,crude_oil,2709,Papua New Guinea,0.0539,0.0785,685.69
202402,crude_oil,2709,Kazakhstan,0.0512,0.0943,542.94
202402,crude_oil,2709,Mongolia,0.037,0.0655,565.16
202402,crude_oil,2709,South Sudan,0.0318,0.052,611.71
202402,crude_oil,2709,Guyana,0.028,0.0476,588.93
202402,crude_oil,2709,Thailand,0.0258,0.0422,612.42
202402,lng,271111,Australia,1.0065,1.7093,588.82
202402,lng,271111,Qatar,0.9847,1.6311,603.69
202402,lng,271111,Malaysia,0.4092,0.8182,500.2
202402,lng,271111,Russian Federation,0.2668,0.4553,585.97
202402,lng,271111,Indonesia,0.2189,0.3601,608.02
202402,lng,271111,Papua New Guinea,0.1982,0.2827,701.25
202402,lng,271111,Oman,0.143,0.2036,702.23
202402,lng,271111,Nigeria,0.0563,0.0671,840.2
202402,lng,271111,Mozambique,0.0462,0.0881,524.02
202402,lng,271111,Brunei Darussalam,0.0351,0.0642,547.2
202402,lng,271111,United Arab Emirates,0.0345,0.0614,561.87
202402,lng,271111,Peru,0.034,0.0559,609.18
202402,lng,271111,USA,0.0301,0.0695,433.5
202402,lng,271111,Trinidad and Tobago,0.0102,0.0167,612.16
202402,lng,271111,Canada,0.0,0.0,441.28
202402,pipeline_gas,271121,Turkmenistan,0.8502,1.6851,504.54
202402,pipeline_gas,271121,Russian Federation,0.713,1.4131,504.54
202402,pipeline_gas,271121,Myanmar,0.1241,0.246,504.54
202402,pipeline_gas,271121,Kazakhstan,0.079,0.1565,504.54
202402,pipeline_gas,271121,Uzbekistan,0.0186,0.0369,504.54
202403,coal,2701,Russian Federation,0.8772,6.7922,129.15
202403,coal,2701,Mongolia,0.7708,6.3108,122.13
202403,coal,2701,Indonesia,0.5705,5.6107,101.67
202403,coal,2701,Australia,0.5589,5.1059,109.46
202403,coal,2701,Canada,0.1296,0.4369,296.69
202403,coal,2701,USA,0.0965,0.5515,174.88
202403,coal,2701,Colombia,0.0813,0.7504,108.28
202403,coal,2701,New Zealand,0.0083,0.055,150.03
202403,coal,2701,Malaysia,0.0046,0.055,83.5
202403,coal,2701,Kazakhstan,0.0029,0.0306,96.03
202403,coal,2701,Lao People's Dem. Rep.,0.001,0.0104,91.17
202403,coal,2701,Kyrgyzstan,0.0004,0.0097,43.35
202403,coal,2701,Myanmar,0.0003,0.0071,40.82
202403,crude_oil,2709,Russian Federation,6.5249,10.8048,603.89
202403,crude_oil,2709,Saudi Arabia,3.895,6.2949,618.75
202403,crude_oil,2709,Iraq,3.1537,5.4246,581.37
202403,crude_oil,2709,Malaysia,2.8203,4.7583,592.71
202403,crude_oil,2709,United Arab Emirates,2.5514,4.0533,629.47
202403,crude_oil,2709,Oman,2.2325,3.62,616.71
202403,crude_oil,2709,Brazil,2.1462,3.5775,599.91
202403,crude_oil,2709,Angola,1.4511,2.3459,618.56
202403,crude_oil,2709,Qatar,0.8712,1.4333,607.85
202403,crude_oil,2709,Kuwait,0.702,1.16,605.18
202403,crude_oil,2709,Canada,0.4195,0.7702,544.59
202403,crude_oil,2709,Congo,0.3763,0.6241,602.92
202403,crude_oil,2709,Colombia,0.3756,0.6994,537.03
202403,crude_oil,2709,Gabon,0.32,0.5124,624.36
202403,crude_oil,2709,USA,0.2671,0.4334,616.17
202403,crude_oil,2709,Ecuador,0.2533,0.4692,539.79
202403,crude_oil,2709,Venezuela,0.1897,0.3772,502.94
202403,crude_oil,2709,Ghana,0.1705,0.2534,672.65
202403,crude_oil,2709,Norway,0.1626,0.2733,595.04
202403,crude_oil,2709,Libya,0.1586,0.2338,678.13
202403,crude_oil,2709,Nigeria,0.129,0.1846,698.92
202403,crude_oil,2709,Chad,0.1244,0.1985,626.67
202403,crude_oil,2709,Australia,0.1056,0.1439,733.84
202403,crude_oil,2709,Kazakhstan,0.0932,0.1456,640.01
202403,crude_oil,2709,Papua New Guinea,0.0563,0.0783,718.47
202403,crude_oil,2709,Guyana,0.0543,0.092,590.39
202403,crude_oil,2709,Thailand,0.0258,0.0412,625.84
202403,crude_oil,2709,Mongolia,0.0205,0.0349,587.35
202403,lng,271111,Australia,1.2315,2.2836,539.26
202403,lng,271111,Qatar,0.968,1.6716,579.09
202403,lng,271111,Malaysia,0.2963,0.6479,457.29
202403,lng,271111,Russian Federation,0.2635,0.4454,591.61
202403,lng,271111,USA,0.2092,0.4125,507.23
202403,lng,271111,Indonesia,0.1581,0.2417,654.09
202403,lng,271111,Papua New Guinea,0.1026,0.1487,689.9
202403,lng,271111,Nigeria,0.1005,0.1867,538.27
202403,lng,271111,Mozambique,0.0797,0.1614,493.96
202403,lng,271111,Brunei Darussalam,0.0672,0.1294,519.57
202403,lng,271111,United Arab Emirates,0.0591,0.1226,482.03
202403,lng,271111,Oman,0.0589,0.127,463.43
202403,pipeline_gas,271121,Turkmenistan,0.7518,1.49,504.54
202403,pipeline_gas,271121,Russian Federation,0.6685,1.325,504.54
202403,pipeline_gas,271121,Myanmar,0.1223,0.2424,504.54
202403,pipeline_gas,271121,Kazakhstan,0.0477,0.0945,504.54
202404,coal,2701,Russian Federation,0.9747,8.3105,117.28
202404,coal,2701,Australia,0.8059,7.1858,112.15
202404,coal,2701,Mongolia,0.804,7.1041,113.17
202404,coal,2701,Indonesia,0.4883,4.9218,99.22
202404,coal,2701,Canada,0.2372,0.9137,259.56
202404,coal,2701,USA,0.1476,0.827,178.51
202404,coal,2701,Colombia,0.137,1.2785,107.15
202404,coal,2701,Kazakhstan,0.0233,0.2036,114.54
202404,coal,2701,Lao People's Dem. Rep.,0.001,0.0104,98.62
202404,coal,2701,Myanmar,0.0006,0.0147,40.87
202404,coal,2701,Kyrgyzstan,0.0004,0.0101,44.61
202404,coal,2701,India,0.0,0.0,81.67
202404,coal,2701,South Africa,0.0,0.0,72750.0
202404,coal,2701,Zimbabwe,0.0,0.0,1390.0
202404,coal,2701,United Rep. of Tanzania,0.0,0.0,33666.67
202404,crude_oil,2709,Russian Federation,5.793,9.2594,625.63
202404,crude_oil,2709,Saudi Arabia,4.06,6.3408,640.3
202404,crude_oil,2709,Iraq,3.391,5.5437,611.68
202404,crude_oil,2709,Oman,2.4526,3.8203,642.0
202404,crude_oil,2709,Malaysia,2.4147,4.0346,598.49
202404,crude_oil,2709,Brazil,2.3097,3.6582,631.37
202404,crude_oil,2709,United Arab Emirates,1.8803,2.8485,660.1
202404,crude_oil,2709,Angola,1.4862,2.3506,632.24
202404,crude_oil,2709,Kuwait,0.9072,1.4722,616.2
202404,crude_oil,2709,Qatar,0.6048,0.9434,641.14
202404,crude_oil,2709,Congo,0.4885,0.7625,640.6
202404,crude_oil,2709,USA,0.3515,0.535,657.05
202404,crude_oil,2709,Canada,0.3489,0.6131,569.04
202404,crude_oil,2709,Colombia,0.285,0.5223,545.74
202404,crude_oil,2709,Norway,0.2399,0.3526,680.37
202404,crude_oil,2709,Ecuador,0.171,0.3022,565.79
202404,crude_oil,2709,Gabon,0.152,0.245,620.39
202404,crude_oil,2709,Venezuela,0.0973,0.1946,499.85
202404,crude_oil,2709,Ghana,0.0921,0.1266,727.82
202404,crude_oil,2709,Guyana,0.0884,0.1366,647.41
202404,crude_oil,2709,Equatorial Guinea,0.0832,0.1315,632.39
202404,crude_oil,2709,Cameroon,0.0817,0.133,614.21
202404,crude_oil,2709,Nigeria,0.0702,0.1023,685.99
202404,crude_oil,2709,South Sudan,0.0569,0.0815,698.34
202404,crude_oil,2709,Kazakhstan,0.0519,0.09,576.62
202404,crude_oil,2709,Chad,0.0409,0.0662,617.66
202404,crude_oil,2709,Mongolia,0.0281,0.0459,612.24
202404,lng,271111,Australia,1.2167,2.148,566.45
202404,lng,271111,Qatar,0.8346,1.5052,554.47
202404,lng,271111,Russian Federation,0.3953,0.7692,513.88
202404,lng,271111,Malaysia,0.2988,0.6597,452.92
202404,lng,271111,Papua New Guinea,0.1932,0.3072,628.67
202404,lng,271111,Indonesia,0.11,0.2348,468.71
202404,lng,271111,USA,0.0963,0.2134,451.31
202404,lng,271111,Brunei Darussalam,0.0578,0.1289,448.03
202404,lng,271111,Nigeria,0.0346,0.0684,506.76
202404,lng,271111,Peru,0.0327,0.0578,565.93
202404,lng,271111,Oman,0.0265,0.0639,414.62
202404,lng,271111,Trinidad and Tobago,0.0076,0.0134,565.93
202404,pipeline_gas,271121,Turkmenistan,0.8663,1.7171,504.54
202404,pipeline_gas,271121,Russian Federation,0.5298,1.0502,504.54
202404,pipeline_gas,271121,Myanmar,0.0795,0.1576,504.54
202404,pipeline_gas,271121,Kazakhstan,0.0752,0.1491,504.54
202404,pipeline_gas,271121,Uzbekistan,0.0114,0.0227,504.54
202405,coal,2701,Russian Federation,0.9519,8.258,115.26
202405,coal,2701,Mongolia,0.7404,6.942,106.65
202405,coal,2701,Australia,0.7126,6.7001,106.36
202405,coal,2701,Indonesia,0.4452,4.6349,96.06
202405,coal,2701,Canada,0.1769,0.7462,237.05
202405,coal,2701,Colombia,0.1643,1.5521,105.89
202405,coal,2701,USA,0.1001,0.5016,199.46
202405,coal,2701,Mozambique,0.0331,0.1699,195.03
202405,coal,2701,South Africa,0.0201,0.16,125.88
202405,coal,2701,New Zealand,0.0065,0.055,118.59
202405,coal,2701,Malaysia,0.0031,0.05,62.06
202405,coal,2701,Lao People's Dem. Rep.,0.0016,0.0167,98.54
202405,coal,2701,Kazakhstan,0.0008,0.0075,107.51
202405,coal,2701,Myanmar,0.0006,0.0135,40.84
202405,coal,2701,Kyrgyzstan,0.0004,0.0086,42.74
202405,crude_oil,2709,Russian Federation,5.5415,8.9076,622.11
202405,crude_oil,2709,Saudi Arabia,4.9672,7.4371,667.89
202405,crude_oil,2709,Malaysia,3.2981,5.848,563.97
202405,crude_oil,2709,Iraq,3.2385,5.119,632.64
202405,crude_oil,2709,United Arab Emirates,2.1902,3.277,668.35
202405,crude_oil,2709,Brazil,2.1563,3.3571,642.31
202405,crude_oil,2709,Oman,2.087,3.1351,665.7
202405,crude_oil,2709,Angola,1.2836,1.9427,660.73
202405,crude_oil,2709,Kuwait,0.8969,1.3639,657.56
202405,crude_oil,2709,Colombia,0.5827,1.0406,560.01
202405,crude_oil,2709,Ecuador,0.4336,0.7813,554.92
202405,crude_oil,2709,Qatar,0.4263,0.6331,673.31
202405,crude_oil,2709,Norway,0.348,0.5415,642.64
202405,crude_oil,2709,Kazakhstan,0.2957,0.4317,684.91
202405,crude_oil,2709,USA,0.2779,0.4317,643.66
202405,crude_oil,2709,Congo,0.2416,0.3817,632.87
202405,crude_oil,2709,Libya,0.2332,0.3451,675.92
202405,crude_oil,2709,United Kingdom,0.1935,0.2662,726.97
202405,crude_oil,2709,Gabon,0.1584,0.2413,656.43
202405,crude_oil,2709,Mexico,0.1494,0.2677,558.18
202405,crude_oil,2709,Venezuela,0.1409,0.285,494.18
202405,crude_oil,2709,Canada,0.1291,0.2199,586.91
202405,crude_oil,2709,Ghana,0.0873,0.1266,689.68
202405,crude_oil,2709,Cameroon,0.0863,0.1285,671.98
202405,crude_oil,2709,Equatorial Guinea,0.0863,0.1308,659.78
202405,crude_oil,2709,Nigeria,0.0614,0.0896,684.68
202405,crude_oil,2709,Australia,0.0556,0.0759,732.34
202405,crude_oil,2709,South Sudan,0.0497,0.0775,641.3
202405,crude_oil,2709,Mongolia,0.0277,0.0461,599.31
202405,crude_oil,2709,Mozambique,0.0217,0.0305,710.77
202405,crude_oil,2709,Albania,0.0,0.0,9941.86
202405,crude_oil,2709,Bahrain,0.0,0.0,24125.0
202405,lng,271111,Australia,1.4647,2.6362,555.61
202405,lng,271111,Qatar,0.6034,1.0376,581.48
202405,lng,271111,Indonesia,0.3435,0.5447,630.76
202405,lng,271111,Malaysia,0.3354,0.7194,466.28
202405,lng,271111,Russian Federation,0.2427,0.4463,543.81
202405,lng,271111,USA,0.1389,0.2675,519.24
202405,lng,271111,Papua New Guinea,0.1068,0.1595,669.42
202405,lng,271111,Oman,0.1008,0.2004,503.04
202405,lng,271111,Nigeria,0.0943,0.1826,516.23
202405,lng,271111,United Arab Emirates,0.0588,0.1204,488.25
202405,lng,271111,Equatorial Guinea,0.0374,0.0662,564.83
202405,lng,271111,Brunei Darussalam,0.0346,0.0635,544.54
202405,lng,271111,Mozambique,0.0304,0.0679,448.1
202405,pipeline_gas,271121,Turkmenistan,0.7952,1.5761,504.54
202405,pipeline_gas,271121,Russian Federation,0.713,1.4132,504.54
202405,pipeline_gas,271121,Kazakhstan,0.1351,0.2678,504.54
202405,pipeline_gas,271121,Myanmar,0.1145,0.2269,504.54
202405,pipeline_gas,271121,Uzbekistan,0.0851,0.1686,504.54
202406,coal,2701,Russian Federation,0.9811,8.5495,114.76
202406,coal,2701,Mongolia,0.8051,7.484,107.58
202406,coal,2701,Australia,0.7453,6.8982,108.04
202406,coal,2701,Indonesia,0.4387,4.5537,96.34
202406,coal,2701,Canada,0.2357,0.98,240.53
202406,coal,2701,Colombia,0.1555,1.399,111.17
202406,coal,2701,USA,0.0911,0.5941,153.42
202406,coal,2701,United Rep. of Tanzania,0.0054,0.0544,98.67
202406,coal,2701,Kazakhstan,0.0021,0.0212,98.72
202406,coal,2701,Kyrgyzstan,0.0006,0.014,40.09
202406,coal,2701,Lao People's Dem. Rep.,0.0006,0.0057,98.49
202406,coal,2701,South Africa,0.0006,0.005,126.49
202406,crude_oil,2709,Russian Federation,4.9979,8.4302,592.86
202406,crude_oil,2709,Saudi Arabia,4.3866,6.8175,643.44
202406,crude_oil,2709,Malaysia,3.2773,5.8987,555.6
202406,crude_oil,2709,Iraq,3.2374,5.274,613.84
202406,crude_oil,2709,Oman,1.9692,3.0298,649.95
202406,crude_oil,2709,Angola,1.8252,2.9273,623.51
202406,crude_oil,2709,Brazil,1.7711,2.8275,626.4
202406,crude_oil,2709,United Arab Emirates,1.483,2.359,628.65
202406,crude_oil,2709,Kuwait,0.8622,1.3509,638.25
202406,crude_oil,2709,USA,0.7951,1.2069,658.76
202406,crude_oil,2709,Ecuador,0.517,0.9454,546.86
202406,crude_oil,2709,Congo,0.3907,0.6344,615.8
202406,crude_oil,2709,Colombia,0.3802,0.6986,544.26
202406,crude_oil,2709,Qatar,0.364,0.573,635.29
202406,crude_oil,2709,Canada,0.3573,0.642,556.5
202406,crude_oil,2709,Norway,0.3398,0.5409,628.22
202406,crude_oil,2709,Kazakhstan,0.3131,0.4834,647.81
202406,crude_oil,2709,Ghana,0.2686,0.3785,709.62
202406,crude_oil,2709,United Kingdom,0.2594,0.3906,664.14
202406,crude_oil,2709,Gabon,0.2385,0.3632,656.84
202406,crude_oil,2709,Chad,0.0887,0.1377,644.34
202406,crude_oil,2709,Cameroon,0.0833,0.1374,606.55
202406,crude_oil,2709,Equatorial Guinea,0.0583,0.0942,619.43
202406,crude_oil,2709,Papua New Guinea,0.0533,0.078,682.63
202406,crude_oil,2709,Australia,0.0495,0.0722,685.65
202406,crude_oil,2709,Thailand,0.029,0.0421,690.0
202406,crude_oil,2709,Mongolia,0.0285,0.0488,584.92
202406,crude_oil,2709,Guyana,0.0254,0.0407,624.52
202406,crude_oil,2709,Viet Nam,0.0189,0.0255,741.25
202406,crude_oil,2709,Albania,0.0,0.0,9825.0
202406,crude_oil,2709,Indonesia,0.0,0.0,2912.62
202406,crude_oil,2709,Mozambique,0.0,0.0,7687.5
202406,lng,271111,Australia,1.2963,2.3728,546.31
202406,lng,271111,Qatar,0.4838,0.7993,605.27
202406,lng,271111,Russian Federation,0.3768,0.6612,569.78
202406,lng,271111,Malaysia,0.3373,0.6273,537.71
202406,lng,271111,Indonesia,0.1522,0.2448,621.82
202406,lng,271111,Papua New Guinea,0.1077,0.1581,680.99
202406,lng,271111,United Arab Emirates,0.0928,0.1851,501.39
202406,lng,271111,USA,0.0574,0.1212,474.11
202406,lng,271111,Nigeria,0.0397,0.0727,546.43
202406,lng,271111,Peru,0.0365,0.0634,576.11
202406,lng,271111,Brunei Darussalam,0.0351,0.0644,544.9
202406,lng,271111,Oman,0.034,0.0624,545.54
202406,lng,271111,Mozambique,0.0318,0.0721,441.6
202406,lng,271111,Trinidad and Tobago,0.0224,0.0525,426.62
202406,pipeline_gas,271121,Turkmenistan,0.7688,1.5237,504.54
202406,pipeline_gas,271121,Russian Federation,0.737,1.4608,504.54
202406,pipeline_gas,271121,Kazakhstan,0.1674,0.3317,504.54
202406,pipeline_gas,271121,Myanmar,0.1175,0.2329,504.54
202406,pipeline_gas,271121,Uzbekistan,0.0811,0.1608,504.54
202407,coal,2701,Russian Federation,0.8843,7.5271,117.49
202407,coal,2701,Australia,0.8825,7.1714,123.05
202407,coal,2701,Mongolia,0.7486,7.0483,106.21
202407,coal,2701,Indonesia,0.5444,5.7459,94.74
202407,coal,2701,Canada,0.2014,0.8422,239.16
202407,coal,2701,USA,0.1155,0.7641,151.19
202407,coal,2701,Colombia,0.1034,0.9241,111.94
202407,coal,2701,Mozambique,0.0352,0.1782,197.79
202407,coal,2701,South Africa,0.0108,0.088,122.97
202407,coal,2701,Viet Nam,0.0089,0.0275,324.07
202407,coal,2701,New Zealand,0.0068,0.0444,154.04
202407,coal,2701,United Rep. of Tanzania,0.0059,0.0568,103.67
202407,coal,2701,Oman,0.004,0.049,81.4
202407,coal,2701,Malaysia,0.0032,0.05,63.2
202407,coal,2701,Kazakhstan,0.003,0.0305,98.55
202407,coal,2701,Kyrgyzstan,0.0008,0.016,48.32
202407,coal,2701,Uzbekistan,0.0,0.0,6781.25
202407,coal,2701,"Areas, nes",0.0,0.0001,148.65
202407,crude_oil,2709,Russian Federation,4.468,7.4567,599.19
202407,crude_oil,2709,Saudi Arabia,4.0684,6.4104,634.65
202407,crude_oil,2709,Malaysia,3.4548,6.1979,557.41
202407,crude_oil,2709,Iraq,2.7729,4.6334,598.46
202407,crude_oil,2709,Oman,2.1443,3.3398,642.06
202407,crude_oil,2709,Brazil,1.9027,3.0939,614.99
202407,crude_oil,2709,United Arab Emirates,1.4776,2.2486,657.11
202407,crude_oil,2709,Angola,1.3029,2.1106,617.29
202407,crude_oil,2709,Kuwait,0.8564,1.3778,621.6
202407,crude_oil,2709,USA,0.6644,1.0447,636.0
202407,crude_oil,2709,Canada,0.4386,0.7972,550.1
202407,crude_oil,2709,Qatar,0.4354,0.69,631.1
202407,crude_oil,2709,Colombia,0.3984,0.7234,550.82
202407,crude_oil,2709,Congo,0.3058,0.5063,603.93
202407,crude_oil,2709,Ecuador,0.1197,0.2221,538.72
202407,crude_oil,2709,Ghana,0.1058,0.1596,663.36
202407,crude_oil,2709,Libya,0.092,0.1384,665.07
202407,crude_oil,2709,South Sudan,0.09,0.1384,650.45
202407,crude_oil,2709,United Kingdom,0.0875,0.1311,667.14
202407,crude_oil,2709,Mexico,0.084,0.1407,596.55
202407,crude_oil,2709,Equatorial Guinea,0.0825,0.1174,702.22
202407,crude_oil,2709,Norway,0.0819,0.1165,703.39
202407,crude_oil,2709,Kazakhstan,0.0634,0.1131,560.1
202407,crude_oil,2709,Papua New Guinea,0.0555,0.0781,711.27
202407,crude_oil,2709,Cameroon,0.0552,0.096,574.8
202407,crude_oil,2709,Australia,0.0535,0.0772,693.39
202407,crude_oil,2709,Indonesia,0.0362,0.057,635.7
202407,crude_oil,2709,Thailand,0.0265,0.0411,644.87
202407,crude_oil,2709,Mongolia,0.0241,0.0404,596.35
202407,crude_oil,2709,Nigeria,0.0196,0.0298,658.77
202407,crude_oil,2709,Albania,0.0,0.0,16700.0
202407,lng,271111,Australia,1.0141,1.8156,558.54
202407,lng,271111,Qatar,0.7968,1.4191,561.47
202407,lng,271111,USA,0.3833,0.662,578.91
202407,lng,271111,Russian Federation,0.3765,0.6561,573.92
202407,lng,271111,Malaysia,0.2629,0.5762,456.29
202407,lng,271111,Papua New Guinea,0.1616,0.2351,687.28
202407,lng,271111,Oman,0.1101,0.1933,569.61
202407,lng,271111,Nigeria,0.0823,0.1401,587.44
202407,lng,271111,Indonesia,0.0436,0.0717,608.87
202407,lng,271111,Norway,0.022,0.0421,521.88
202407,lng,271111,Trinidad and Tobago,0.0073,0.0165,440.17
202407,pipeline_gas,271121,Turkmenistan,0.8634,1.7113,504.54
202407,pipeline_gas,271121,Russian Federation,0.718,1.4231,504.54
202407,pipeline_gas,271121,Kazakhstan,0.1747,0.3463,504.54
202407,pipeline_gas,271121,Myanmar,0.1027,0.2035,504.54
202407,pipeline_gas,271121,Uzbekistan,0.0692,0.1371,504.54
202408,coal,2701,Russian Federation,0.927,7.7041,120.32
202408,coal,2701,Mongolia,0.7071,7.1577,98.79
202408,coal,2701,Australia,0.6803,6.1913,109.88
202408,coal,2701,Indonesia,0.6533,7.0428,92.76
202408,coal,2701,USA,0.2884,1.5985,180.41
202408,coal,2701,Canada,0.1361,0.5814,234.08
202408,coal,2701,Colombia,0.0497,0.4973,99.98
202408,coal,2701,Mozambique,0.0407,0.2461,165.48
202408,coal,2701,Malaysia,0.0029,0.044,66.2
202408,coal,2701,New Zealand,0.0028,0.0182,154.04
202408,coal,2701,Kazakhstan,0.0007,0.0103,68.5
202408,coal,2701,Kyrgyzstan,0.0003,0.0056,49.57
202408,coal,2701,Lao People's Dem. Rep.,0.0001,0.0006,98.11
202408,coal,2701,Peru,0.0,0.0,15902.44
202408,coal,2701,United Kingdom,0.0,0.0,1154.96
202408,coal,2701,United Rep. of Tanzania,0.0,0.0,16816.67
202408,coal,2701,"Areas, nes",0.0,0.0,10033.33
202408,crude_oil,2709,Russian Federation,5.4169,9.3688,578.19
202408,crude_oil,2709,Malaysia,4.0347,7.486,538.96
202408,crude_oil,2709,Iraq,4.0047,6.6094,605.91
202408,crude_oil,2709,Saudi Arabia,3.28,5.2983,619.06
202408,crude_oil,2709,Oman,2.2446,3.5343,635.07
202408,crude_oil,2709,Brazil,2.1407,3.4497,620.55
202408,crude_oil,2709,United Arab Emirates,1.9104,2.9754,642.07
202408,crude_oil,2709,Angola,1.5941,2.566,621.25
202408,crude_oil,2709,Kuwait,0.8484,1.355,626.1
202408,crude_oil,2709,Qatar,0.5894,0.9444,624.14
202408,crude_oil,2709,Colombia,0.4762,0.8628,551.95
202408,crude_oil,2709,USA,0.4574,0.7179,637.2
202408,crude_oil,2709,Canada,0.4553,0.8464,537.91
202408,crude_oil,2709,Congo,0.3897,0.634,614.74
202408,crude_oil,2709,Cameroon,0.2487,0.4099,606.75
202408,crude_oil,2709,Chad,0.2466,0.4023,612.98
202408,crude_oil,2709,Ghana,0.2303,0.3461,665.33
202408,crude_oil,2709,Equatorial Guinea,0.1589,0.2483,639.84
202408,crude_oil,2709,Nigeria,0.0988,0.146,676.87
202408,crude_oil,2709,Libya,0.094,0.1391,676.01
202408,crude_oil,2709,Ecuador,0.0846,0.1604,527.61
202408,crude_oil,2709,Gabon,0.0811,0.1288,630.06
202408,crude_oil,2709,Kazakhstan,0.072,0.1244,579.04
202408,crude_oil,2709,Mexico,0.0619,0.1071,578.3
202408,crude_oil,2709,Papua New Guinea,0.0555,0.0818,678.65
202408,crude_oil,2709,Thailand,0.0521,0.0797,653.03
202408,crude_oil,2709,Mongolia,0.0217,0.0371,585.18
202408,crude_oil,2709,Indonesia,0.0213,0.0298,714.3
202408,lng,271111,Australia,1.1137,1.9898,559.69
202408,lng,271111,Qatar,0.9658,1.6098,599.96
202408,lng,271111,Russian Federation,0.5054,0.8614,586.73
202408,lng,271111,Malaysia,0.3566,0.6654,535.89
202408,lng,271111,USA,0.2952,0.437,675.46
202408,lng,271111,Indonesia,0.1349,0.2156,625.68
202408,lng,271111,Mozambique,0.1264,0.2115,597.61
202408,lng,271111,Nigeria,0.1174,0.2041,575.22
202408,lng,271111,Papua New Guinea,0.1107,0.158,700.47
202408,lng,271111,United Arab Emirates,0.043,0.0612,703.29
202408,lng,271111,Trinidad and Tobago,0.039,0.0658,593.33
202408,lng,271111,Canada,0.0,0.0001,528.7
202408,pipeline_gas,271121,Turkmenistan,0.8731,1.7305,504.54
202408,pipeline_gas,271121,Russian Federation,0.7134,1.414,504.54
202408,pipeline_gas,271121,Kazakhstan,0.1784,0.3536,504.54
202408,pipeline_gas,271121,Myanmar,0.131,0.2596,504.54
202408,pipeline_gas,271121,Uzbekistan,0.0974,0.193,504.54
202409,coal,2701,Australia,0.8908,7.7943,114.29
202409,coal,2701,Russian Federation,0.8227,7.379,111.5
202409,coal,2701,Mongolia,0.6012,6.3885,94.1
202409,coal,2701,Indonesia,0.5529,5.8582,94.38
202409,coal,2701,USA,0.247,1.6832,146.76
202409,coal,2701,Canada,0.1861,0.8639,215.37
202409,coal,2701,Colombia,0.0435,0.396,109.81
202409,coal,2701,Kyrgyzstan,0.0006,0.0124,50.59
202409,coal,2701,Kazakhstan,0.0002,0.0033,67.23
202409,coal,2701,Lao People's Dem. Rep.,0.0002,0.0019,98.21
202409,coal,2701,Pakistan,0.0,0.0,9940.0
202409,crude_oil,2709,Russian Federation,4.6794,8.6572,540.52
202409,crude_oil,2709,Saudi Arabia,4.3674,7.431,587.73
202409,crude_oil,2709,Malaysia,3.169,6.1137,518.34
202409,crude_oil,2709,Iraq,2.9867,5.3729,555.89
202409,crude_oil,2709,Oman,2.2338,3.7605,594.03
202409,crude_oil,2709,United Arab Emirates,1.7945,2.9502,608.27
202409,crude_oil,2709,Angola,1.4263,2.3727,601.14
202409,crude_oil,2709,Brazil,1.0364,1.7072,607.06
202409,crude_oil,2709,Kuwait,0.7118,1.2219,582.54
202409,crude_oil,2709,USA,0.7075,1.1002,643.09
202409,crude_oil,2709,Canada,0.6595,1.3315,495.3
202409,crude_oil,2709,Qatar,0.5919,1.0303,574.47
202409,crude_oil,2709,Congo,0.3806,0.6276,606.41
202409,crude_oil,2709,Ecuador,0.3062,0.5864,522.1
202409,crude_oil,2709,Colombia,0.2386,0.4481,532.6
202409,crude_oil,2709,Libya,0.0922,0.1386,664.96
202409,crude_oil,2709,Senegal,0.0757,0.1268,597.18
202409,crude_oil,2709,Gabon,0.0716,0.1206,593.96
202409,crude_oil,2709,Australia,0.0532,0.078,682.13
202409,crude_oil,2709,Kazakhstan,0.0488,0.0897,543.93
202409,crude_oil,2709,Nigeria,0.0475,0.0712,667.09
202409,crude_oil,2709,Mongolia,0.0306,0.0566,541.05
202409,crude_oil,2709,New Zealand,0.0221,0.0355,621.92
202409,crude_oil,2709,Indonesia,0.0189,0.0292,647.6
202409,crude_oil,2709,South Africa,0.0117,0.0217,541.82
202409,lng,271111,Australia,1.3104,2.242,584.46
202409,lng,271111,Qatar,0.822,1.4859,553.21
202409,lng,271111,Russian Federation,0.6019,0.9573,628.76
202409,lng,271111,Indonesia,0.2975,0.5002,594.88
202409,lng,271111,USA,0.2849,0.4853,587.12
202409,lng,271111,Malaysia,0.1935,0.4117,470.14
202409,lng,271111,Papua New Guinea,0.1645,0.2368,694.85
202409,lng,271111,Nigeria,0.0505,0.0726,696.13
202409,lng,271111,Oman,0.0476,0.0686,693.49
202409,lng,271111,Brunei Darussalam,0.047,0.0675,695.63
202409,lng,271111,Equatorial Guinea,0.0457,0.0639,714.78
202409,lng,271111,Peru,0.04,0.0688,581.85
202409,lng,271111,United Arab Emirates,0.0365,0.0595,612.51
202409,lng,271111,Mozambique,0.01,0.0182,549.83
202409,pipeline_gas,271121,Turkmenistan,0.8582,1.701,504.54
202409,pipeline_gas,271121,Russian Federation,0.7267,1.4404,504.54
202409,pipeline_gas,271121,Kazakhstan,0.1731,0.3431,504.54
202409,pipeline_gas,271121,Myanmar,0.1326,0.2627,504.54
202409,pipeline_gas,271121,Uzbekistan,0.0974,0.1931,504.54
202410,coal,2701,Russian Federation,0.857,7.6211,112.45
202410,coal,2701,Australia,0.8088,7.036,114.95
202410,coal,2701,Mongolia,0.5504,5.9986,91.75
202410,coal,2701,Indonesia,0.5055,5.485,92.17
202410,coal,2701,USA,0.2321,1.6559,140.15
202410,coal,2701,Canada,0.0793,0.413,192.08
202410,coal,2701,South Africa,0.0221,0.1622,136.34
202410,coal,2701,Viet Nam,0.0087,0.0362,240.08
202410,coal,2701,Colombia,0.0085,0.0541,157.35
202410,coal,2701,Malaysia,0.0026,0.0437,60.32
202410,coal,2701,Kyrgyzstan,0.0008,0.0153,51.31
202410,coal,2701,Kazakhstan,0.0005,0.0049,102.42
202410,coal,2701,Lao People's Dem. Rep.,0.0005,0.0051,99.89
202410,coal,2701,Uzbekistan,0.0,0.0,5092.59
202410,crude_oil,2709,Russian Federation,5.2607,9.8255,535.41
202410,crude_oil,2709,Malaysia,3.9629,7.5024,528.22
202410,crude_oil,2709,Saudi Arabia,3.2421,5.7842,560.51
202410,crude_oil,2709,Iraq,2.6102,4.8745,535.48
202410,crude_oil,2709,Brazil,1.6077,2.9289,548.92
202410,crude_oil,2709,Oman,1.4905,2.6171,569.52
202410,crude_oil,2709,Angola,1.2542,2.2171,565.71
202410,crude_oil,2709,United Arab Emirates,1.1883,2.0546,578.34
202410,crude_oil,2709,USA,0.6415,1.0848,591.33
202410,crude_oil,2709,Kuwait,0.5425,0.974,556.94
202410,crude_oil,2709,Qatar,0.416,0.7479,556.18
202410,crude_oil,2709,Colombia,0.3806,0.7722,492.91
202410,crude_oil,2709,Ecuador,0.352,0.7225,487.19
202410,crude_oil,2709,Canada,0.3224,0.6892,467.73
202410,crude_oil,2709,Congo,0.2816,0.5162,545.49
202410,crude_oil,2709,Gabon,0.1436,0.2546,563.96
202410,crude_oil,2709,Senegal,0.1267,0.2307,549.11
202410,crude_oil,2709,Libya,0.0893,0.1389,642.79
202410,crude_oil,2709,Niger,0.0882,0.15,587.87
202410,crude_oil,2709,Ghana,0.0759,0.1263,600.93
202410,crude_oil,2709,Cameroon,0.0702,0.1286,545.78
202410,crude_oil,2709,South Sudan,0.0525,0.0832,630.57
202410,crude_oil,2709,Nigeria,0.0456,0.0717,636.38
202410,crude_oil,2709,Thailand,0.044,0.077,571.38
202410,crude_oil,2709,Kazakhstan,0.0362,0.0721,502.3
202410,crude_oil,2709,Mongolia,0.0225,0.0419,536.16
202410,lng,271111,Australia,1.2897,2.2595,570.76
202410,lng,271111,Qatar,0.7878,1.36,579.29
202410,lng,271111,USA,0.4884,0.7639,639.35
202410,lng,271111,Russian Federation,0.4604,0.7349,626.48
202410,lng,271111,Malaysia,0.2234,0.4252,525.34
202410,lng,271111,Indonesia,0.1508,0.2124,709.92
202410,lng,271111,Papua New Guinea,0.1088,0.1591,683.75
202410,lng,271111,Brunei Darussalam,0.0823,0.1314,626.47
202410,lng,271111,Mozambique,0.078,0.1451,537.33
202410,lng,271111,Nigeria,0.0502,0.0734,683.72
202410,lng,271111,Oman,0.0465,0.0637,729.09
202410,lng,271111,Trinidad and Tobago,0.0297,0.0646,460.02
202410,lng,271111,Algeria,0.0224,0.0338,662.08
202410,pipeline_gas,271121,Turkmenistan,0.6656,1.3193,504.54
202410,pipeline_gas,271121,Russian Federation,0.5351,1.0605,504.54
202410,pipeline_gas,271121,Kazakhstan,0.1198,0.2375,504.54
202410,pipeline_gas,271121,Myanmar,0.1127,0.2233,504.54
202410,pipeline_gas,271121,Uzbekistan,0.0889,0.1763,504.54
202411,coal,2701,Australia,1.0783,9.3035,115.91
202411,coal,2701,Russian Federation,0.8992,7.9063,113.74
202411,coal,2701,Mongolia,0.6924,7.6017,91.08
202411,coal,2701,Indonesia,0.6682,7.1661,93.24
202411,coal,2701,USA,0.1949,1.3532,144.01
202411,coal,2701,Canada,0.1629,0.8448,192.79
202411,coal,2701,Kazakhstan,0.0309,0.2499,123.72
202411,coal,2701,Mozambique,0.0272,0.1572,173.27
202411,coal,2701,Colombia,0.0111,0.0615,180.04
202411,coal,2701,South Africa,0.0089,0.0658,134.7
202411,coal,2701,New Zealand,0.0075,0.055,137.03
202411,coal,2701,Lao People's Dem. Rep.,0.0013,0.0135,96.11
202411,coal,2701,Kyrgyzstan,0.0009,0.0174,50.61
202411,coal,2701,Peru,0.0,0.0,25125.0
202411,coal,2701,India,0.0,0.0,7680.0
202411,crude_oil,2709,Russian Federation,4.6846,8.6404,542.17
202411,crude_oil,2709,Saudi Arabia,3.9179,6.9607,562.86
202411,crude_oil,2709,Malaysia,3.424,6.7333,508.52
202411,crude_oil,2709,Iraq,3.2747,6.1203,535.06
202411,crude_oil,2709,United Arab Emirates,2.0321,3.5393,574.16
202411,crude_oil,2709,Brazil,1.9999,3.7141,538.46
202411,crude_oil,2709,Oman,1.9286,3.3785,570.86
202411,crude_oil,2709,Angola,1.3912,2.5151,553.12
202411,crude_oil,2709,Kuwait,0.9149,1.6384,558.37
202411,crude_oil,2709,Canada,0.4442,0.9415,471.78
202411,crude_oil,2709,Qatar,0.3824,0.6763,565.35
202411,crude_oil,2709,USA,0.2363,0.3956,597.24
202411,crude_oil,2709,Colombia,0.235,0.4869,482.68
202411,crude_oil,2709,Senegal,0.2316,0.4213,549.74
202411,crude_oil,2709,Ecuador,0.1812,0.3687,491.51
202411,crude_oil,2709,United Kingdom,0.1667,0.2732,609.94
202411,crude_oil,2709,Congo,0.1534,0.2771,553.55
202411,crude_oil,2709,Gabon,0.1486,0.2597,572.15
202411,crude_oil,2709,Mexico,0.1406,0.2615,537.54
202411,crude_oil,2709,Libya,0.0843,0.1391,606.27
202411,crude_oil,2709,Chad,0.0775,0.139,557.66
202411,crude_oil,2709,Equatorial Guinea,0.0753,0.1312,574.42
202411,crude_oil,2709,Ghana,0.0744,0.1261,589.73
202411,crude_oil,2709,Cameroon,0.0713,0.1307,545.94
202411,crude_oil,2709,Papua New Guinea,0.0451,0.0749,601.97
202411,crude_oil,2709,Kazakhstan,0.0439,0.0857,512.62
202411,crude_oil,2709,Nigeria,0.024,0.0344,696.96
202411,crude_oil,2709,Mongolia,0.0221,0.0412,536.02
202411,lng,271111,Australia,1.3395,2.2009,608.61
202411,lng,271111,Qatar,0.962,1.7756,541.82
202411,lng,271111,Russian Federation,0.4235,0.6714,630.79
202411,lng,271111,Malaysia,0.3175,0.6175,514.11
202411,lng,271111,Indonesia,0.264,0.4201,628.57
202411,lng,271111,Papua New Guinea,0.1029,0.1567,656.69
202411,lng,271111,United Arab Emirates,0.0588,0.1162,505.84
202411,lng,271111,USA,0.0546,0.1308,417.76
202411,lng,271111,Mozambique,0.0094,0.0182,513.78
202411,pipeline_gas,271121,Turkmenistan,0.747,1.4806,504.54
202411,pipeline_gas,271121,Russian Federation,0.6877,1.363,504.54
202411,pipeline_gas,271121,Myanmar,0.1209,0.2396,504.54
202411,pipeline_gas,271121,Kazakhstan,0.1195,0.2368,504.54
202411,pipeline_gas,271121,Uzbekistan,0.0794,0.1574,504.54
202412,coal,2701,Australia,1.0316,9.0917,113.47
202412,coal,2701,Russian Federation,0.7645,6.8908,110.95
202412,coal,2701,Indonesia,0.6666,7.1406,93.35
202412,coal,2701,Mongolia,0.5599,6.5475,85.52
202412,coal,2701,Canada,0.2041,1.0146,201.18
202412,coal,2701,USA,0.1593,1.0372,153.6
202412,coal,2701,Mozambique,0.0323,0.1758,183.52
202412,coal,2701,Colombia,0.0091,0.055,165.05
202412,coal,2701,Lao People's Dem. Rep.,0.0022,0.0228,94.73
202412,coal,2701,Kyrgyzstan,0.0008,0.0138,55.52
202412,coal,2701,Kazakhstan,0.0005,0.0052,97.7
202412,coal,2701,Ethiopia,0.0,0.0,404.63
202412,crude_oil,2709,Russian Federation,5.0658,9.4048,538.64
202412,crude_oil,2709,Malaysia,3.5224,6.6589,528.97
202412,crude_oil,2709,Saudi Arabia,3.5153,6.372,551.68
202412,crude_oil,2709,Iraq,2.4924,4.72,528.04
202412,crude_oil,2709,Oman,2.291,4.0387,567.27
202412,crude_oil,2709,United Arab Emirates,1.6178,2.819,573.9
202412,crude_oil,2709,Angola,1.4248,2.6916,529.37
202412,crude_oil,2709,Brazil,1.2862,2.5759,499.33
202412,crude_oil,2709,Kuwait,0.8129,1.4826,548.28
202412,crude_oil,2709,Canada,0.5386,1.1399,472.55
202412,crude_oil,2709,USA,0.513,0.9096,564.01
202412,crude_oil,2709,Qatar,0.4131,0.7476,552.62
202412,crude_oil,2709,Ecuador,0.3138,0.6469,485.12
202412,crude_oil,2709,Colombia,0.2486,0.529,469.82
202412,crude_oil,2709,Congo,0.2392,0.4376,546.6
202412,crude_oil,2709,Senegal,0.2186,0.399,547.95
202412,crude_oil,2709,Nigeria,0.173,0.3101,557.99
202412,crude_oil,2709,United Kingdom,0.1706,0.2675,637.6
202412,crude_oil,2709,Libya,0.1643,0.2775,591.97
202412,crude_oil,2709,Norway,0.1609,0.2904,553.85
202412,crude_oil,2709,Gabon,0.1388,0.2483,559.13
202412,crude_oil,2709,Venezuela,0.1262,0.2891,436.45
202412,crude_oil,2709,Australia,0.0745,0.115,647.77
202412,crude_oil,2709,Cameroon,0.0709,0.1323,535.59
202412,crude_oil,2709,Kazakhstan,0.0436,0.0867,502.09
202412,crude_oil,2709,Mongolia,0.0276,0.0529,522.43
202412,crude_oil,2709,Thailand,0.0226,0.0395,572.06
202412,crude_oil,2709,Niger,0.0,0.0,843.37
202412,crude_oil,2709,India,0.0,0.0,7696.63
202412,lng,271111,Australia,1.3547,2.2682,597.26
202412,lng,271111,Qatar,1.2448,2.1446,580.42
202412,lng,271111,Russian Federation,0.5522,0.8895,620.86
202412,lng,271111,Malaysia,0.3667,0.6706,546.83
202412,lng,271111,Papua New Guinea,0.1273,0.1965,648.03
202412,lng,271111,USA,0.1218,0.1984,613.87
202412,lng,271111,Nigeria,0.1028,0.1762,583.05
202412,lng,271111,Cameroon,0.1025,0.1436,713.79
202412,lng,271111,Indonesia,0.079,0.1235,639.57
202412,lng,271111,Peru,0.0414,0.0695,595.37
202412,lng,271111,Oman,0.0353,0.0659,535.95
202412,lng,271111,United Arab Emirates,0.032,0.0625,511.3
202412,lng,271111,Mozambique,0.0276,0.0598,461.3
202412,pipeline_gas,271121,Turkmenistan,0.752,1.4905,504.54
202412,pipeline_gas,271121,Russian Federation,0.6844,1.3565,504.54
202412,pipeline_gas,271121,Myanmar,0.1152,0.2284,504.54
202412,pipeline_gas,271121,Kazakhstan,0.0839,0.1663,504.54
202412,pipeline_gas,271121,Uzbekistan,0.0589,0.1167,504.54
